filename,plate,confidence,status
T1_000020_AB123K____Unknown.jpg,123K,0.98,ok
T1_000458_KS385____Unknown.jpg,KS385,0.95,ok
T1_000510_AB123K____Unknown.jpg,123K,0.99,ok
T1_000708_KS385____Unknown.jpg,KS385,1.00,ok
T1_001138_ZY034____Unknown.jpg,ZY034,0.99,ok
T1_003440_MH987____Unknown.jpg,MH987,1.00,ok
T1_003822_JU480____Unknown.jpg,JU480,0.97,ok
T1_010445_MH987____Unknown.jpg,MH987,0.99,ok
T1_010504_NT806____Unknown.jpg,NT806,0.99,ok
T1_010607_LS227____Unknown.jpg,LS227,0.95,ok
T1_010620_JU480____Unknown.jpg,JU480,0.98,ok
T1_010932_RN340____Unknown.jpg,RN340,0.96,ok
T1_025149_ZY034____Unknown.jpg,ZY034,0.99,ok
T1_033109_PH677____Unknown.jpg,PRECT,0.81,ok
T1_063539_JR300____Unknown.jpg,JR300,0.99,ok
T1_064049_JR300____Unknown.jpg,JR300,0.95,ok
T1_064243_JR300____Unknown.jpg,JR300,0.98,ok
T1_070710_UF386____Unknown.jpg,UF386,0.99,ok
T1_070823_UF386____Unknown.jpg,UF386,0.99,ok
T1_070915_UF386____Unknown.jpg,UF386,0.99,ok
T1_071005_NP109____Unknown.jpg,NP109,0.98,ok
T1_071023_UF386____Unknown.jpg,UF386,0.98,ok
T1_072443_AB182E____Unknown.jpg,AB182E,1.00,ok
T1_073018_AA038C____Unknown.jpg,0,0.45,ok
T1_073044_RZ367____Unknown.jpg,RZ367,0.99,ok
T1_074557_YK115____Unknown.jpg,YK115,1.00,ok
T1_074618_YB851____Unknown.jpg,YB851,0.98,ok
T1_074656_YF428____Unknown.jpg,YF428,0.97,ok
T1_075105_RN358____Unknown.jpg,RN358,0.93,ok
T1_075214_AA122Z____Unknown.jpg,1222,0.86,ok
T1_075429_ZN822____Unknown.jpg,ZN822,1.00,ok
T1_075926_JG404____Unknown.jpg,JG404,1.00,ok
T1_080731_ZR905____Unknown.jpg,ZR905,1.00,ok
T1_080932_VE566____Unknown.jpg,VE566,0.94,ok
T1_081313_MG396____Unknown.jpg,MG396,0.95,ok
T1_081547_ZC322____Unknown.jpg,ZC322,0.99,ok
T1_081657_AA686N____Unknown.jpg,AA686N,1.00,ok
T1_082118_PK687____Unknown.jpg,PK687,0.99,ok
T1_082154_UD874____Unknown.jpg,UD874,0.99,ok
T1_082436_AA359Z____Unknown.jpg,A,0.53,ok
T1_083044_HJ220____Unknown.jpg,HJ220,1.00,ok
T1_083132_PA167____Unknown.jpg,PA167,1.00,ok
T1_083218_YC380____Unknown.jpg,YC380,0.90,ok
T1_083231_YU481____Unknown.jpg,DYU481,0.96,ok
T1_083549_ZC352____Unknown.jpg,ZC352,1.00,ok
T1_083604_SY569____Unknown.jpg,SY569,0.99,ok
T1_083639_UN643____Unknown.jpg,UN643,0.95,ok
T1_083708_RG184____Unknown.jpg,RG184,0.99,ok
T1_083752_PU508____Unknown.jpg,PU508,0.94,ok
T1_084005_AA359Z____Unknown.jpg,3592,0.92,ok
T1_084019_RG184____Unknown.jpg,RG184,1.00,ok
T1_084123_YD638____Unknown.jpg,YD638,0.99,ok
T1_084225_SN736____Unknown.jpg,SN736,1.00,ok
T1_084306_NJ017____Unknown.jpg,NJ017,1.00,ok
T1_084422_MD575____Unknown.jpg,MD575,0.97,ok
T1_084545_RS214____Unknown.jpg,RS214,1.00,ok
T1_084549_PA167____Unknown.jpg,PA167,1.00,ok
T1_084646_JJ318____Unknown.jpg,JJ318,0.89,ok
T1_084653_LZ374____Unknown.jpg,LZ374,0.97,ok
T1_084708_PA809____Unknown.jpg,PA809,0.99,ok
T1_084733_RG184____Unknown.jpg,RG184,0.98,ok
T1_084827_KG007____Unknown.jpg,KG007,0.99,ok
T1_084838_NE285____Unknown.jpg,NE285,0.98,ok
T1_084850_VV726____Unknown.jpg,VV726,0.99,ok
T1_085017_PU508____Unknown.jpg,PU508,0.98,ok
T1_085025_PA809____Unknown.jpg,PA809,0.97,ok
T1_085059_NL435____Unknown.jpg,NL435,1.00,ok
T1_085107_ZL034____Unknown.jpg,ZL034,0.99,ok
T1_085120_RA954____Unknown.jpg,RA954,0.97,ok
T1_085220_KZ207____Unknown.jpg,KZ207,0.99,ok
T1_085301_LJ947____Unknown.jpg,LJ947,0.93,ok
T1_085407_ZF215____Unknown.jpg,ZF215,1.00,ok
T1_085408_PA167____Unknown.jpg,PA167,1.00,ok
T1_085443_LE360____Unknown.jpg,LE360,0.92,ok
T1_085451_ZC847____Unknown.jpg,ZC847,1.00,ok
T1_085458_LV867____Unknown.jpg,LV867,1.00,ok
T1_085608_LE360____Unknown.jpg,LE360,1.00,ok
T1_085622_AA359Z____Unknown.jpg,359Z,0.78,ok
T1_085702_PE861____Unknown.jpg,PE869,1.00,ok
T1_085710_PA409____Unknown.jpg,PA409,0.98,ok
T1_085737_LE360____Unknown.jpg,LLE360,0.98,ok
T1_085822_AB037J____Unknown.jpg,M,0.82,ok
T1_090010_AB182E____Unknown.jpg,AB182E,0.99,ok
T1_090359_JE806____Unknown.jpg,JE806,0.94,ok
T1_090426_LE360____Unknown.jpg,LE360,0.99,ok
T1_090742_KM064____Unknown.jpg,KM064,0.98,ok
T1_091023_SB165____Unknown.jpg,SB165,0.96,ok
T1_091402_PEE925____Unknown.jpg,PEE925,0.99,ok
T1_091513_NS642____Unknown.jpg,NS642,0.99,ok
T1_091516_AA212G____Unknown.jpg,212G,0.99,ok
T1_091917_RC481____Unknown.jpg,RC481,1.00,ok
T1_092024_YF428____Unknown.jpg,YF428,1.00,ok
T1_092028_YE164____Unknown.jpg,YE164,0.96,ok
T1_092051_YG041____Unknown.jpg,YGD43,0.75,ok
T1_092112_NL435____Unknown.jpg,NL435,1.00,ok
T1_092155_UK712____Unknown.jpg,UK712,0.99,ok
T1_092226_ZUT365____Unknown.jpg,ZUT365,0.99,ok
T1_092245_MZ792____Unknown.jpg,MZ792,0.99,ok
T1_092422_GE969____Unknown.jpg,6E969,0.90,ok
T1_092707_MZ792____Unknown.jpg,MZ792,0.94,ok
T1_092721_PU508____Unknown.jpg,PU508,0.98,ok
T1_092948_AA680K____Unknown.jpg,AA680X,0.84,ok
T1_093105_PA167____Unknown.jpg,PA167,1.00,ok
T1_093208_YE032____Unknown.jpg,YE032,0.99,ok
T1_093232_PU508____Unknown.jpg,PU508,1.00,ok
T1_093251_NT884____Unknown.jpg,NT884,0.95,ok
T1_093324_VT143____Unknown.jpg,VT143,1.00,ok
T1_093328_MP123____Unknown.jpg,MP123,1.00,ok
T1_093404_MD251____Unknown.jpg,MD251,0.99,ok
T1_093409_RE686____Unknown.jpg,RE686,0.89,ok
T1_093532_NY074____Unknown.jpg,NY074,0.86,ok
T1_093653_YU481____Unknown.jpg,YU481,1.00,ok
T1_093707_KA792____Unknown.jpg,KA792,0.94,ok
T1_093854_MZ792____Unknown.jpg,MZ792,1.00,ok
T1_094020_NP401____Unknown.jpg,NP401,1.00,ok
T1_094024_ZYT149____Unknown.jpg,ZVT149,0.93,ok
T1_094122_AB177P____Unknown.jpg,AB177P,0.99,ok
T1_094135_AA175C____Unknown.jpg,AA175C,1.00,ok
T1_094145_VB786____Unknown.jpg,VB766,0.89,ok
T1_094619_YU414____Unknown.jpg,YU414,0.98,ok
T1_094706_ZA094____Unknown.jpg,ZA094,0.93,ok
T1_094752_AA693T____Unknown.jpg,AA693T,1.00,ok
T1_094756_JR233____Unknown.jpg,JR233,1.00,ok
T1_094913_NR909____Unknown.jpg,NR909,0.96,ok
T1_094957_RD982____Unknown.jpg,RD982,0.99,ok
T1_095007_RY366____Unknown.jpg,RY366,0.99,ok
T1_095135_ND912____Unknown.jpg,ND912,0.97,ok
T1_095234_LN375____Unknown.jpg,LN375,1.00,ok
T1_095241_YT319____Unknown.jpg,VT319,0.79,ok
T1_095422_JR233____Unknown.jpg,JR233,1.00,ok
T1_095755_AB271C____Unknown.jpg,AB271C,0.99,ok
T1_095809_PJ311____Unknown.jpg,PJ311,1.00,ok
T1_095854_VS907____Unknown.jpg,VS907,0.91,ok
T1_100027_ZN734____Unknown.jpg,ZN734,1.00,ok
T1_100129_AA965T____Unknown.jpg,AA965T,0.98,ok
T1_100210_NP800____Unknown.jpg,NP800,0.96,ok
T1_100219_MY974____Unknown.jpg,MY974,0.93,ok
T1_100242_RL094____Unknown.jpg,RL094,0.99,ok
T1_100251_VB786____Unknown.jpg,VB786,0.93,ok
T1_100258_KP475____Unknown.jpg,KP475,0.92,ok
T1_100425_AB317D____Unknown.jpg,AB317D,1.00,ok
T1_100438_MD251____Unknown.jpg,MD251,0.99,ok
T1_100655_YS181____Unknown.jpg,VS181,0.98,ok
T1_100846_MZ394____Unknown.jpg,MZ394,0.99,ok
T1_100852_JR233____Unknown.jpg,JR233,0.99,ok
T1_100857_PJ034____Unknown.jpg,PJ034,0.96,ok
T1_100910_ZAA423D____Unknown.jpg,ZAA423D,0.98,ok
T1_100921_VY215____Unknown.jpg,VY215,1.00,ok
T1_101041_PR410____Unknown.jpg,PR410,1.00,ok
T1_101046_KD497____Unknown.jpg,KD497,0.98,ok
T1_101104_ZR905____Unknown.jpg,ZR905,1.00,ok
T1_101137_AA693T____Unknown.jpg,AA693T,0.99,ok
T1_101205_AA554A____Unknown.jpg,554A,0.93,ok
T1_101231_JR233____Unknown.jpg,JR233,0.99,ok
T1_101248_AB400D____Unknown.jpg,4000,0.91,ok
T1_101426_ZE384____Unknown.jpg,ZE384,1.00,ok
T1_101447_ZE328____Unknown.jpg,ZE328,1.00,ok
T1_101700_KG007____Unknown.jpg,KG007,0.92,ok
T1_101732_AA693T____Unknown.jpg,AA693T,0.99,ok
T1_101733_JY230____Unknown.jpg,JV230,0.94,ok
T1_101800_LN523____Unknown.jpg,LN523,1.00,ok
T1_101810_ZJ247____Unknown.jpg,ZJ247,0.99,ok
T1_102147_YF428____Unknown.jpg,JUMB,0.67,ok
T1_102253_AB794C____Unknown.jpg,794C,0.91,ok
T1_102347_ZG279____Unknown.jpg,ZG279,1.00,ok
T1_102433_ZM328____Unknown.jpg,ZM328,1.00,ok
T1_102540_GK937____Unknown.jpg,GK937,0.99,ok
T1_102713_YS181____Unknown.jpg,VS181,0.96,ok
T1_102807_UD874____Unknown.jpg,UD874,0.99,ok
T1_102957_SU314____Unknown.jpg,SU314,0.99,ok
T1_103010_HN850____Unknown.jpg,HN850,1.00,ok
T1_103016_AB400D____Unknown.jpg,4000,0.91,ok
T1_103213_NY949____Unknown.jpg,NY949,1.00,ok
T1_103225_VB786____Unknown.jpg,VB786,0.93,ok
T1_103433_AA092K____Unknown.jpg,AA092K,0.94,ok
T1_103558_VS049____Unknown.jpg,VS049,1.00,ok
T1_103843_AA114N____Unknown.jpg,AA114N,1.00,ok
T1_103926_AA103Z____Unknown.jpg,1032,0.96,ok
T1_103940_YJ353____Unknown.jpg,YJ353,0.95,ok
T1_104033_YM991____Unknown.jpg,YM991,0.99,ok
T1_104107_ZNH459____Unknown.jpg,ZNH459,0.99,ok
T1_104450_RS664____Unknown.jpg,RS664,0.99,ok
T1_104451_MZ394____Unknown.jpg,MZ394,0.93,ok
T1_104551_UL787____Unknown.jpg,UL787,0.99,ok
T1_104717_PA814____Unknown.jpg,PA814,0.96,ok
T1_104825_PT963____Unknown.jpg,ISUZU,0.98,ok
T1_104855_VF888____Unknown.jpg,VF888,0.97,ok
T1_104911_YH287____Unknown.jpg,YH287,0.99,ok
T1_104922_ZE384____Unknown.jpg,ZE384,1.00,ok
T1_105022_YU481____Unknown.jpg,YU481,0.99,ok
T1_105031_HN850____Unknown.jpg,HN850,1.00,ok
T1_105056_UY587____Unknown.jpg,UY587,0.97,ok
T1_105107_ZZS745____Unknown.jpg,ZZS745,0.92,ok
T1_105111_RC850____Unknown.jpg,RC850,0.94,ok
T1_105133_JB111____Unknown.jpg,JB111,1.00,ok
T1_105150_VY867____Unknown.jpg,VY867,0.90,ok
T1_105200_GB972____Unknown.jpg,GB972,1.00,ok
T1_105209_ZE384____Unknown.jpg,ZE384,1.00,ok
T1_105229_AA740F____Unknown.jpg,AA74DF,0.93,ok
T1_105425_JR300____Unknown.jpg,JR300,0.98,ok
T1_105542_YJ353____Unknown.jpg,YJ353,0.98,ok
T1_105554_AA446R____Unknown.jpg,AA446R,0.93,ok
T1_105738_YS181____Unknown.jpg,VS181,0.97,ok
T1_105818_VP255____Unknown.jpg,VP255,0.99,ok
T1_105843_KE619____Unknown.jpg,KE619,0.99,ok
T1_105940_ZAA585H____Unknown.jpg,585H,0.99,ok
T1_110003_VT011____Unknown.jpg,VT011,0.96,ok
T1_110106_VZ225____Unknown.jpg,VZ225F,0.84,ok
T1_110120_PC908____Unknown.jpg,PC908,0.99,ok
T1_110239_RN724____Unknown.jpg,RN724,1.00,ok
T1_110248_RZ072____Unknown.jpg,RZ072,0.98,ok
T1_110254_UD874____Unknown.jpg,UD874,0.99,ok
T1_110312_SU054____Unknown.jpg,SU054,0.98,ok
T1_110316_VV386____Unknown.jpg,VV386,0.99,ok
T1_110344_LL215____Unknown.jpg,LL215,0.99,ok
T1_110438_RC850____Unknown.jpg,RC850,0.91,ok
T1_110454_GA650____Unknown.jpg,GA650,0.96,ok
T1_110506_YN350____Unknown.jpg,YN35G,0.88,ok
T1_110625_ZAA053N____Unknown.jpg,ZAA,0.72,ok
T1_110630_JT673____Unknown.jpg,JT673,0.96,ok
T1_110927_JH076____Unknown.jpg,JH0767,0.85,ok
T1_111032_NR007____Unknown.jpg,NROOT,0.87,ok
T1_111050_YF428____Unknown.jpg,YF428,1.00,ok
T1_111317_YC888____Unknown.jpg,YC888,0.97,ok
T1_111401_NR909____Unknown.jpg,NR909,0.99,ok
T1_111901_ZK290____Unknown.jpg,ZK29G,0.90,ok
T1_111928_SG122____Unknown.jpg,SG122,0.99,ok
T1_111948_UP039____Unknown.jpg,UP039,0.97,ok
T1_112040_ZVB144____Unknown.jpg,ZVB144,0.98,ok
T1_112049_MKN402____Unknown.jpg,MXN402,0.97,ok
T1_112108_PMA492____Unknown.jpg,PMA492,0.92,ok
T1_112118_PJ945____Unknown.jpg,PJ945,0.96,ok
T1_112149_UU090____Unknown.jpg,UU090,0.98,ok
T1_112338_AB769E____Unknown.jpg,AB769E,0.99,ok
T1_112401_AA689B____Unknown.jpg,6898,0.96,ok
T1_112600_NV972____Unknown.jpg,NV972,1.00,ok
T1_112617_HZ734____Unknown.jpg,HZ734,0.99,ok
T1_112935_PM445____Unknown.jpg,PM445,0.98,ok
T1_113039_SR686____Unknown.jpg,SR686,1.00,ok
T1_113142_AB026F____Unknown.jpg,026F,0.99,ok
T1_113155_AA613D____Unknown.jpg,AA613D,1.00,ok
T1_113259_GB972____Unknown.jpg,GB972,0.99,ok
T1_113456_AA403D____Unknown.jpg,AA403D,0.99,ok
T1_113509_MV882____Unknown.jpg,MV882,0.93,ok
T1_113538_FZ165____Unknown.jpg,FZ165,1.00,ok
T1_113544_YS181____Unknown.jpg,YS181,0.91,ok
T1_113615_MS739____Unknown.jpg,MS739,1.00,ok
T1_113725_JT673____Unknown.jpg,JT673,0.92,ok
T1_113750_ZA280____Unknown.jpg,ZA280,1.00,ok
T1_113834_MV207____Unknown.jpg,MV207,0.99,ok
T1_113853_SL829____Unknown.jpg,SL8297,0.95,ok
T1_114255_AA403D____Unknown.jpg,AA403D,0.92,ok
T1_114318_NS852____Unknown.jpg,NS852,1.00,ok
T1_114525_PH850____Unknown.jpg,PH850,1.00,ok
T1_114610_LZ398____Unknown.jpg,LZ398,0.95,ok
T1_114811_AA808Z____Unknown.jpg,AA8082,0.88,ok
T1_114925_NP853____Unknown.jpg,NP853,0.99,ok
T1_114928_MF766____Unknown.jpg,MF766,0.93,ok
T1_115047_SN929____Unknown.jpg,SN929,0.99,ok
T1_115218_RC850____Unknown.jpg,RC850,0.99,ok
T1_115404_ZZL433____Unknown.jpg,ZZL433,0.99,ok
T1_115541_JE806____Unknown.jpg,JEBOS,0.85,ok
T1_115548_GU705____Unknown.jpg,GU705,0.99,ok
T1_115607_ZUS037____Unknown.jpg,ZUS037,0.99,ok
T1_120143_MS658____Unknown.jpg,MS658,0.93,ok
T1_120404_YD437____Unknown.jpg,VD437,0.99,ok
T1_120529_SL562____Unknown.jpg,SL562,0.99,ok
T1_120607_NR909____Unknown.jpg,NR969,0.91,ok
T1_120726_RZ565____Unknown.jpg,RZ565,0.93,ok
T1_120757_TRY043____Unknown.jpg,TRVES,0.90,ok
T1_120806_UC624____Unknown.jpg,UC624,0.97,ok
T1_120836_YZ959____Unknown.jpg,VZ959,0.94,ok
T1_120848_UA294____Unknown.jpg,UA294,0.97,ok
T1_120951_PJ945____Unknown.jpg,PJ945,0.97,ok
T1_121059_KR218____Unknown.jpg,KR218,0.99,ok
T1_121308_AB726G____Unknown.jpg,AB7266,0.89,ok
T1_121315_PY972____Unknown.jpg,PY972,1.00,ok
T1_121322_TEH268____Unknown.jpg,TEH268,0.94,ok
T1_121341_SD714____Unknown.jpg,SD714,0.96,ok
T1_121431_KE619____Unknown.jpg,KE619,0.99,ok
T1_121458_GD387____Unknown.jpg,GD387,0.93,ok
T1_121617_VF062____Unknown.jpg,VF062,0.99,ok
T1_121625_YA613____Unknown.jpg,YA613,0.90,ok
T1_121651_ZVK503____Unknown.jpg,ZVK503,0.99,ok
T1_121708_RJ839____Unknown.jpg,RJ839,0.99,ok
T1_121807_MT604____Unknown.jpg,MT604,0.98,ok
T1_121822_VK531____Unknown.jpg,VK531,0.99,ok
T1_121851_ZSE691____Unknown.jpg,ZSE691,0.99,ok
T1_121957_NS988____Unknown.jpg,NS988,1.00,ok
T1_122045_MR009____Unknown.jpg,MR009,0.99,ok
T1_122121_AB262F____Unknown.jpg,AB262F,1.00,ok
T1_122133_EP753____Unknown.jpg,EP753,0.99,ok
T1_122200_RR603____Unknown.jpg,RR603,0.99,ok
T1_122319_PJ945____Unknown.jpg,PJ945,0.97,ok
T1_122320_UY542____Unknown.jpg,UY542,0.99,ok
T1_122333_MP262____Unknown.jpg,MP262,1.00,ok
T1_122446_UH672____Unknown.jpg,UH672,0.99,ok
T1_122559_ZRB156____Unknown.jpg,ZRB156,0.81,ok
T1_122619_ZZY764____Unknown.jpg,ZZY764,0.98,ok
T1_122746_ZU677____Unknown.jpg,ZU677,0.98,ok
T1_123003_RN388____Unknown.jpg,RN388,0.99,ok
T1_123101_ZB930____Unknown.jpg,ZB930,0.99,ok
T1_123113_VS842____Unknown.jpg,VS842,0.98,ok
T1_123242_RZ565____Unknown.jpg,RZ565,0.97,ok
T1_123327_RG317____Unknown.jpg,RG317,1.00,ok
T1_123419_AB099M____Unknown.jpg,M,0.50,ok
T1_123447_PET253____Unknown.jpg,PET263,0.97,ok
T1_123457_PYB251____Unknown.jpg,PYB251,0.99,ok
T1_123610_VV015____Unknown.jpg,VV015,0.98,ok
T1_123621_MS101____Unknown.jpg,MS101,0.99,ok
T1_123625_AB982____Unknown.jpg,AB982F,0.99,ok
T1_123810_VE566____Unknown.jpg,VE566,0.98,ok
T1_123814_PB861____Unknown.jpg,PB861,0.98,ok
T1_123828_PH121____Unknown.jpg,PH121,1.00,ok
T1_123909_PZT905____Unknown.jpg,PZT905,0.93,ok
T1_123942_VZ601____Unknown.jpg,VZ601,0.99,ok
T1_124406_LY143____Unknown.jpg,LY143,0.89,ok
T1_124447_SC614____Unknown.jpg,SC614,1.00,ok
T1_124455_JJ939____Unknown.jpg,TJJ939,0.88,ok
T1_124516_VU441____Unknown.jpg,TVU443,0.89,ok
T1_124522_GA123____Unknown.jpg,GA123,0.99,ok
T1_124552_AA501F____Unknown.jpg,AA501F,0.99,ok
T1_124851_AA349L____Unknown.jpg,AA349L,1.00,ok
T1_124913_NKT424____Unknown.jpg,NKTRAME,0.75,ok
T1_125021_SJ783____Unknown.jpg,S3783,0.88,ok
T1_125228_SM081____Unknown.jpg,SM081,0.79,ok
T1_125303_ZH588____Unknown.jpg,ZH588,0.96,ok
T1_125320_ZZK388____Unknown.jpg,ZZK388,1.00,ok
T1_125418_LR006____Unknown.jpg,LR006,0.99,ok
T1_130014_PD225____Unknown.jpg,PD225,1.00,ok
T1_130222_LV763____Unknown.jpg,LV763,1.00,ok
T1_130228_RS315____Unknown.jpg,RS315,0.93,ok
T1_130250_PC601____Unknown.jpg,PC601,0.99,ok
T1_130335_UE660____Unknown.jpg,UE660,0.85,ok
T1_130619_ZP620____Unknown.jpg,ZP62G,0.94,ok
T1_130812_UG135____Unknown.jpg,UG135,0.99,ok
T1_130936_AB870G____Unknown.jpg,AB870G,0.99,ok
T1_131051_YZ375____Unknown.jpg,YZ375,0.92,ok
T1_131105_LC189____Unknown.jpg,LC189,1.00,ok
T1_131119_ZUY584____Unknown.jpg,ZUY584,1.00,ok
T1_131228_AB138P____Unknown.jpg,AB138P,0.98,ok
T1_131312_AB075N____Unknown.jpg,AB075N,0.97,ok
T1_131321_ZJ278____Unknown.jpg,ZJ278,0.98,ok
T1_131736_HD386____Unknown.jpg,HD386,0.97,ok
T1_131749_AB962M____Unknown.jpg,M,0.63,ok
T1_131901_JK446____Unknown.jpg,O,0.42,ok
T1_132147_UF401____Unknown.jpg,UF401,0.97,ok
T1_132313_AA425E____Unknown.jpg,AA425E,1.00,ok
T1_132336_YP798____Unknown.jpg,YP798,0.92,ok
T1_132352_AA403D____Unknown.jpg,AA403D,0.97,ok
T1_132717_RZ775____Unknown.jpg,ITS,0.71,ok
T1_132725_YT934____Unknown.jpg,VT934,0.96,ok
T1_132753_KD117____Unknown.jpg,KD117,0.97,ok
T1_132908_TNH811____Unknown.jpg,TNH811,0.92,ok
T1_133217_AB717D____Unknown.jpg,AB,0.83,ok
T1_133250_ZVF364____Unknown.jpg,ZVF364,1.00,ok
T1_133255_YF285____Unknown.jpg,YF285,1.00,ok
T1_133322_AA694N____Unknown.jpg,AA694N,1.00,ok
T1_133354_LZ444____Unknown.jpg,LZ444,0.98,ok
T1_133624_AB166G____Unknown.jpg,PAB166G,0.93,ok
T1_133655_AA212Y____Unknown.jpg,AA212Y,0.98,ok
T1_133905_ZJB226____Unknown.jpg,ZJB226,0.96,ok
T1_133914_TEY602____Unknown.jpg,TEV602,0.89,ok
T1_134034_PH068____Unknown.jpg,PH068,0.84,ok
T1_134112_ZF102____Unknown.jpg,ZF102,1.00,ok
T1_134301_MV428____Unknown.jpg,MV428,0.99,ok
T1_134328_UT989____Unknown.jpg,OUT989,0.91,ok
T1_134624_VK900____Unknown.jpg,VK900,0.97,ok
T1_134753_GK004____Unknown.jpg,GK004,0.99,ok
T1_134939_NP533____Unknown.jpg,NP533,1.00,ok
T1_134952_ZAB080____Unknown.jpg,ZAB188C,0.98,ok
T1_134959_KG938____Unknown.jpg,KG938,0.98,ok
T1_135017_AB735J____Unknown.jpg,AB735J,0.98,ok
T1_135223_YA816____Unknown.jpg,IYA816,0.82,ok
T1_135306_AA844L____Unknown.jpg,M,0.67,ok
T1_135542_ZU153____Unknown.jpg,ZU153,0.99,ok
T1_135800_VY129____Unknown.jpg,VY129,0.98,ok
T1_135843_UT737____Unknown.jpg,UT737,0.99,ok
T1_135911_UT737____Unknown.jpg,UT737,0.99,ok
T1_140123_ZUB766____Unknown.jpg,ZUB766,0.99,ok
T1_140321_RH662____Unknown.jpg,RH662,1.00,ok
T1_140352_AB097A____Unknown.jpg,AB097A,0.98,ok
T1_140507_MM098____Unknown.jpg,MM098,0.97,ok
T1_140747_LR047____Unknown.jpg,LR047,0.98,ok
T1_140854_SV650____Unknown.jpg,SV650,0.98,ok
T1_140855_UD874____Unknown.jpg,UDS74,0.92,ok
T1_141149_AA636H____Unknown.jpg,636H,0.98,ok
T1_141152_VB786____Unknown.jpg,VB786,0.99,ok
T1_141432_VV630____Unknown.jpg,VV630,0.97,ok
T1_141432_ZPH663____Unknown.jpg,ZPH663,0.98,ok
T1_141448_AB262F____Unknown.jpg,AB262F,0.97,ok
T1_141514_RL471____Unknown.jpg,RL471,1.00,ok
T1_141535_AB548P____Unknown.jpg,54BP,0.95,ok
T1_141747_LE528____Unknown.jpg,LE528,0.99,ok
T1_141901_GS166____Unknown.jpg,GS166,0.91,ok
T1_141930_VF262____Unknown.jpg,VF262,1.00,ok
T1_141956_SZA178____Unknown.jpg,KS24XTH,0.99,ok
T1_142134_AB080R____Unknown.jpg,LABR,0.80,ok
T1_142815_AB717D____Unknown.jpg,M,0.72,ok
T1_142825_UF386____Unknown.jpg,UF386,0.99,ok
T1_142840_YB779____Unknown.jpg,YB779,0.95,ok
T1_143059_ZB192____Unknown.jpg,ZB192,0.99,ok
T1_143138_YN082____Unknown.jpg,YNG82,0.98,ok
T1_143236_RN513____Unknown.jpg,RN513,1.00,ok
T1_143544_ZAA951B____Unknown.jpg,2AA,0.68,ok
T1_143554_ZY034____Unknown.jpg,ZY034,0.99,ok
T1_143604_UZ770____Unknown.jpg,UZ770,0.99,ok
T1_143828_ZH410____Unknown.jpg,ZH410,0.99,ok
T1_143847_AA196A____Unknown.jpg,AA196A,1.00,ok
T1_143952_LJ947____Unknown.jpg,LJ947,0.98,ok
T1_144137_VC463____Unknown.jpg,VC463,1.00,ok
T1_144155_ZU297____Unknown.jpg,ZU297,0.92,ok
T1_144216_AA441F____Unknown.jpg,AA441F,0.98,ok
T1_144230_PE145____Unknown.jpg,PE145,1.00,ok
T1_144405_ZY034____Unknown.jpg,ZY034,0.99,ok
T1_144433_PU721____Unknown.jpg,PU721,0.97,ok
T1_144548_SA316____Unknown.jpg,SA316,0.99,ok
T1_145016_JA469____Unknown.jpg,AA694,0.97,ok
T1_145538_AA133J____Unknown.jpg,78,0.44,ok
T1_145838_ZC322____Unknown.jpg,ZC322,1.00,ok
T1_145946_HH185____Unknown.jpg,HH185,0.99,ok
T1_150025_VH794____Unknown.jpg,VH794,1.00,ok
T1_150047_RV002____Unknown.jpg,RV002,0.99,ok
T1_150243_AA025G____Unknown.jpg,AA025G,0.95,ok
T1_150351_LJ947____Unknown.jpg,LJ947,0.91,ok
T1_150534_RC307____Unknown.jpg,RC307,0.99,ok
T1_150542_AA469U____Unknown.jpg,AA4690,0.93,ok
T1_150608_ZAB596E____Unknown.jpg,STAB,0.84,ok
T1_150706_KD497____Unknown.jpg,KD497,0.99,ok
T1_150856_SD556____Unknown.jpg,SD556,0.96,ok
T1_151008_PA809____Unknown.jpg,PA809,1.00,ok
T1_151303_RK464____Unknown.jpg,RK464,0.80,ok
T1_151451_UP247____Unknown.jpg,UP247,0.99,ok
T1_151501_ZUG227____Unknown.jpg,ZUG227,1.00,ok
T1_152224_UG292____Unknown.jpg,UG292,1.00,ok
T1_152234_SB966____Unknown.jpg,SB966,0.99,ok
T1_152719_AA501F____Unknown.jpg,AA501F,1.00,ok
T1_152946_ZP181____Unknown.jpg,ZP181,1.00,ok
T1_153029_NM191____Unknown.jpg,NM191,1.00,ok
T1_153044_GC816____Unknown.jpg,GC816,1.00,ok
T1_154657_PE430____Unknown.jpg,PE430,1.00,ok
T1_154723_GC816____Unknown.jpg,GC816,1.00,ok
T1_155045_ZB015____Unknown.jpg,ZB015,0.99,ok
T1_155759_ZY034____Unknown.jpg,ZY034,0.99,ok
T1_160003_PAK306____Unknown.jpg,PAX306,0.99,ok
T1_160059_AA894G____Unknown.jpg,AA8946,0.94,ok
T1_160125_UK630____Unknown.jpg,UK630,0.94,ok
T1_160243_SK960____Unknown.jpg,SK960,1.00,ok
T1_160319_UE561____Unknown.jpg,UE561,1.00,ok
T1_160343_TEE147____Unknown.jpg,TEE147,0.97,ok
T1_160506_MP113____Unknown.jpg,MP113,1.00,ok
T1_160558_GA123____Unknown.jpg,GA123,0.99,ok
T1_161118_ZAA841L____Unknown.jpg,ZAA841L,0.97,ok
T1_161536_AB607G____Unknown.jpg,AB6076,0.98,ok
T1_162403_PK206____Unknown.jpg,PK206,1.00,ok
T1_162837_ZJ282____Unknown.jpg,ZJ282,1.00,ok
T1_163948_UG757____Unknown.jpg,UG757,1.00,ok
T1_164009_KD057____Unknown.jpg,KD057,0.97,ok
T1_164148_YD612____Unknown.jpg,YD612,0.98,ok
T1_164217_HA162____Unknown.jpg,HA162,0.96,ok
T1_164401_ZR058____Unknown.jpg,ZR058,0.97,ok
T1_164654_YZ720____Unknown.jpg,YZ720,0.94,ok
T1_164824_RV098____Unknown.jpg,RVG98,0.98,ok
T1_165207_JS242____Unknown.jpg,S24242,0.89,ok
T1_165530_KS440____Unknown.jpg,KS440,0.99,ok
T1_165610_ZPA554____Unknown.jpg,ZMA554,0.99,ok
T1_165837_PP008____Unknown.jpg,PP00,0.97,ok
T1_165910_LE360____Unknown.jpg,LE360,0.98,ok
T1_170044_ZG384____Unknown.jpg,ZG384,0.94,ok
T1_170317_NS852____Unknown.jpg,NS852,1.00,ok
T1_170444_AA350D____Unknown.jpg,AA350D,0.94,ok
T1_170531_MA346____Unknown.jpg,MA346,1.00,ok
T1_171025_ZVK622____Unknown.jpg,ZVK622,0.99,ok
T1_171047_SY416____Unknown.jpg,SV416,0.97,ok
T1_172127_UJ235____Unknown.jpg,UJ235,0.99,ok
T1_172416_ZR718____Unknown.jpg,ZR718,1.00,ok
T1_172500_LR557____Unknown.jpg,LR557,1.00,ok
T1_172652_ZAA249B____Unknown.jpg,ZAA249B,0.93,ok
T1_172822_ZYK334____Unknown.jpg,ZVK334,0.93,ok
T1_172906_RY466____Unknown.jpg,RY466,1.00,ok
T1_172954_ZP476____Unknown.jpg,ZP476,1.00,ok
T1_173021_NP800____Unknown.jpg,NP800,0.91,ok
T1_173155_AB691M____Unknown.jpg,AB691M,0.98,ok
T1_173426_NR163____Unknown.jpg,NR163,0.99,ok
T1_173439_SK960____Unknown.jpg,SK960,0.98,ok
T1_173647_UR048____Unknown.jpg,UR048,0.95,ok
T1_173648_NV101____Unknown.jpg,NV101,0.97,ok
T1_173721_AB979L____Unknown.jpg,AB979L,0.99,ok
T1_174033_UN223____Unknown.jpg,UN223,0.99,ok
T1_174436_PC191____Unknown.jpg,PC191,1.00,ok
T1_175059_KD497____Unknown.jpg,KD497,0.98,ok
T1_175110_GA123____Unknown.jpg,GA123,0.97,ok
T1_175116_YN716____Unknown.jpg,YN716,1.00,ok
T1_175231_PR557____Unknown.jpg,PR557,0.99,ok
T1_175347_AA140M____Unknown.jpg,AA14GM,0.96,ok
T1_175713_KS385____Unknown.jpg,KS385,1.00,ok
T1_180036_YN716____Unknown.jpg,YN716,0.98,ok
T1_180113_RM324____Unknown.jpg,RM324,1.00,ok
T1_180730_RS629____Unknown.jpg,RS629,0.99,ok
T1_181052_VT693____Unknown.jpg,VT693,1.00,ok
T1_181443_AA350D____Unknown.jpg,AA350D,0.98,ok
T1_181520_ZZ107____Unknown.jpg,35ZZ107,0.99,ok
T1_181737_ZY034____Unknown.jpg,ZY034,0.99,ok
T1_181900_PE149____Unknown.jpg,PE149,0.98,ok
T1_182112_ZJ282____Unknown.jpg,ZJ282,1.00,ok
T1_182740_NP109____Unknown.jpg,NP109,0.97,ok
T1_183209_LS227____Unknown.jpg,LS227,1.00,ok
T1_183425_MH987____Unknown.jpg,MH987,1.00,ok
T1_184605_AA955B____Unknown.jpg,AA9558,0.99,ok
T1_184740_SU658____Unknown.jpg,SU658,0.99,ok
T1_184820_MM837____Unknown.jpg,MM837,0.99,ok
T1_184840_PK206____Unknown.jpg,PK206,0.99,ok
T1_184920_PIU674____Unknown.jpg,MU674,0.97,ok
T1_185311_LH444____Unknown.jpg,LH444,0.92,ok
T1_185352_NY548____Unknown.jpg,NY548,0.96,ok
T1_185631_UZ770____Unknown.jpg,UZ770,0.93,ok
T1_185708_KD497____Unknown.jpg,KD497,0.98,ok
T1_185919_UZ770____Unknown.jpg,UZ770,0.99,ok
T1_190115_AB548C____Unknown.jpg,AB548C,1.00,ok
T1_190204_AB878B____Unknown.jpg,878B,0.98,ok
T1_190253_PE149____Unknown.jpg,PE149,0.96,ok
T1_190346_MP123____Unknown.jpg,MP123,1.00,ok
T1_190409_PE611____Unknown.jpg,PE611,0.92,ok
T1_190445_VU081____Unknown.jpg,VU081,0.93,ok
T1_190553_SK960____Unknown.jpg,SK960,0.91,ok
T1_190602_LH458____Unknown.jpg,LH458,1.00,ok
T1_190647_UR821____Unknown.jpg,UR821,0.93,ok
T1_190748_SA316____Unknown.jpg,SA316,0.98,ok
T1_190801_SB803____Unknown.jpg,SB803,0.98,ok
T1_190852_ZR058____Unknown.jpg,ZR058,0.93,ok
T1_190922_PE149____Unknown.jpg,PE149,1.00,ok
T1_191013_YJ618____Unknown.jpg,VJ618,0.94,ok
T1_191310_YA062____Unknown.jpg,YA062,0.98,ok
T1_191517_LU711____Unknown.jpg,LOZED,0.95,ok
T1_191658_PY449____Unknown.jpg,PY449,0.97,ok
T1_191724_AA913C____Unknown.jpg,AA913C,1.00,ok
T1_191812_LH098____Unknown.jpg,LH098,0.93,ok
T1_191819_YR120____Unknown.jpg,YR120,0.93,ok
T1_192013_PL580____Unknown.jpg,PL580,0.95,ok
T1_192128_JS086____Unknown.jpg,JSG86,0.88,ok
T1_192214_ZH941____Unknown.jpg,ZH941,1.00,ok
T1_192247_PP216____Unknown.jpg,PP216,0.99,ok
T1_192313_SA316____Unknown.jpg,SA316,1.00,ok
T1_192534_AB539N____Unknown.jpg,AB539N,1.00,ok
T1_192901_SA544____Unknown.jpg,SA544,0.93,ok
T1_193011_HZ569____Unknown.jpg,HZ569,0.93,ok
T1_193053_YD574____Unknown.jpg,YD574,1.00,ok
T1_193122_AA379A____Unknown.jpg,379A,0.90,ok
T1_193149_VD093____Unknown.jpg,VD093,0.97,ok
T1_193229_KV821____Unknown.jpg,EV828,0.98,ok
T1_193532_ZYM819____Unknown.jpg,ZYM819,0.96,ok
T1_194119_PN911____Unknown.jpg,PN211,0.96,ok
T1_194139_AA347D____Unknown.jpg,347D,0.97,ok
T1_194206_NZ276____Unknown.jpg,NZ276,1.00,ok
T1_194400_AA648B____Unknown.jpg,M,0.78,ok
T1_194608_VE687____Unknown.jpg,VE687,0.99,ok
T1_194656_UZ489____Unknown.jpg,UZ489,0.98,ok
T1_195014_UL967____Unknown.jpg,UL967,0.97,ok
T1_195049_ZA925____Unknown.jpg,ZA925,1.00,ok
T1_195054_ZG055____Unknown.jpg,26065,0.84,ok
T1_195103_AB396N____Unknown.jpg,PAB396N,0.97,ok
T1_195341_SA055____Unknown.jpg,SADES,0.76,ok
T1_195401_YE771____Unknown.jpg,VEZA,0.73,ok
T1_195444_VV035____Unknown.jpg,LVITES,0.66,ok
T1_195652_ZV906____Unknown.jpg,ZV966,0.95,ok
T1_195844_SL567____Unknown.jpg,SL567,1.00,ok
T1_195858_PP216____Unknown.jpg,PP214,0.85,ok
T1_195924_RL022____Unknown.jpg,RL022,0.99,ok
T1_200146_YZ739____Unknown.jpg,VZ739,0.88,ok
T1_200534_AA691G____Unknown.jpg,691G,0.96,ok
T1_200623_SF316____Unknown.jpg,SF316,0.99,ok
T1_200713_YE837____Unknown.jpg,YE837,0.90,ok
T1_200921_PA809____Unknown.jpg,PA809,0.99,ok
T1_201023_ZA463____Unknown.jpg,2A431,0.65,ok
T1_201148_AA077N____Unknown.jpg,AAC77N,0.85,ok
T1_201150_VJ346____Unknown.jpg,VJ346,1.00,ok
T1_201202_ZU770____Unknown.jpg,ZU770,0.90,ok
T1_201305_PP216____Unknown.jpg,PP214,0.91,ok
T1_201347_VF662____Unknown.jpg,VF662,1.00,ok
T1_201506_SD111____Unknown.jpg,ITSDAY,0.81,ok
T1_201624_SD439____Unknown.jpg,SW439,0.82,ok
T1_201630_YC090____Unknown.jpg,VC090,0.91,ok
T1_201711_VC415____Unknown.jpg,VG435,0.70,ok
T1_201740_NC153____Unknown.jpg,NC153,1.00,ok
T1_201950_MY034____Unknown.jpg,18Y064,0.62,ok
T1_202101_PG649____Unknown.jpg,PGG641,0.75,ok
T1_202354_VA475____Unknown.jpg,MA4PLE,0.65,ok
T1_202402_NG963____Unknown.jpg,,0.0,error
T1_202601_ZYM819____Unknown.jpg,ZYM819,0.93,ok
T1_202622_YN636____Unknown.jpg,VING34,0.86,ok
T1_202626_PT384____Unknown.jpg,LPF372,0.57,ok
T1_202846_AB084B____Unknown.jpg,ABG84B,0.95,ok
T1_203215_YC090____Unknown.jpg,VC090,0.96,ok
T1_203220_RS870____Unknown.jpg,RS87G,0.87,ok
T1_203239_LG721____Unknown.jpg,LG721,0.85,ok
T1_203241_AA439G____Unknown.jpg,439G,0.91,ok
T1_203357_AA407L____Unknown.jpg,407L,0.98,ok
T1_203413_VS200____Unknown.jpg,VS200,0.99,ok
T1_203414_HK997____Unknown.jpg,HK997,0.89,ok
T1_203426_AB181C____Unknown.jpg,181C,0.95,ok
T1_203545_PE149____Unknown.jpg,PE149,1.00,ok
T1_203610_RN878____Unknown.jpg,RN878,0.99,ok
T1_203614_MN370____Unknown.jpg,MN370,0.97,ok
T1_203653_ZY185____Unknown.jpg,ZV18,0.86,ok
T1_203959_ZF412____Unknown.jpg,ZF412,1.00,ok
T1_204009_ND295____Unknown.jpg,ND295,0.99,ok
T1_204015_AA381N____Unknown.jpg,AA381N,1.00,ok
T1_204140_MM608____Unknown.jpg,MM608,0.91,ok
T1_204145_ZM565____Unknown.jpg,ZM565,0.99,ok
T1_204329_ZB621____Unknown.jpg,ZB624,0.88,ok
T1_204522_ZP010____Unknown.jpg,ZP010,0.96,ok
T1_204653_YA967____Unknown.jpg,VA967,0.93,ok
T1_204913_MS624____Unknown.jpg,MS624,1.00,ok
T1_205008_JM305____Unknown.jpg,JM305,0.99,ok
T1_205035_ZJ507____Unknown.jpg,ZAMER,0.63,ok
T1_205544_SM802____Unknown.jpg,SM802,0.98,ok
T1_205609_ND655____Unknown.jpg,ND655,0.99,ok
T1_205753_YT615____Unknown.jpg,TAYT615,0.78,ok
T1_205825_RF637____Unknown.jpg,RF637,1.00,ok
T1_210042_NT806____Unknown.jpg,NT806,0.97,ok
T1_210100_PZ419____Unknown.jpg,ZPZ419,1.00,ok
T1_210132_AB161K____Unknown.jpg,AB161K,0.99,ok
T1_210347_YY957____Unknown.jpg,YY957,0.98,ok
T1_210425_MT661____Unknown.jpg,MT661,0.98,ok
T1_210800_VE067____Unknown.jpg,VEG67,0.95,ok
T1_211034_MN115____Unknown.jpg,MN115,1.00,ok
T1_211041_NC153____Unknown.jpg,NC153,1.00,ok
T1_211241_YV131____Unknown.jpg,VV131,0.96,ok
T1_211254_UT064____Unknown.jpg,UT064,0.92,ok
T1_211412_VS041____Unknown.jpg,4,0.81,ok
T1_212343_PE149____Unknown.jpg,PE149,0.99,ok
T1_212425_VS010____Unknown.jpg,VS010,0.97,ok
T1_212526_JZ435____Unknown.jpg,JZ435,1.00,ok
T1_212757_VH744____Unknown.jpg,VH744,0.91,ok
T1_213004_ZC120____Unknown.jpg,ZC120,1.00,ok
T1_213116_SK246____Unknown.jpg,SK246,1.00,ok
T1_213711_AA853Y____Unknown.jpg,BBBY,0.64,ok
T1_213732_YY416____Unknown.jpg,YY416,0.95,ok
T1_214111_VK768____Unknown.jpg,VK768,0.99,ok
T1_214144_VB035____Unknown.jpg,VB035,0.99,ok
T1_214200_VM919____Unknown.jpg,VM919,0.85,ok
T1_214450_UK627____Unknown.jpg,UK627,0.98,ok
T1_214518_AA427Y____Unknown.jpg,427Y,0.82,ok
T1_214647_MAE017____Unknown.jpg,MAE017,0.97,ok
T1_214730_NK734____Unknown.jpg,NXV11314,0.92,ok
T1_215059_ZB327____Unknown.jpg,ZB327,0.98,ok
T1_215606_YJ305____Unknown.jpg,ZVJ305,0.94,ok
T1_215908_YV131____Unknown.jpg,YV131,0.99,ok
T1_220222_PE149____Unknown.jpg,PE149,0.97,ok
T1_220435_RU928____Unknown.jpg,RU928,0.98,ok
T1_220500_VC411____Unknown.jpg,VC411,0.99,ok
T1_220520_AB846K____Unknown.jpg,AB846K,1.00,ok
T1_220542_YR089____Unknown.jpg,YRG89,0.92,ok
T1_220644_SF171____Unknown.jpg,SF171,0.98,ok
T1_220726_RN340____Unknown.jpg,RN50,0.71,ok
T1_220834_HH234____Unknown.jpg,HH234,0.99,ok
T1_221407_LG972____Unknown.jpg,LG972,0.91,ok
T1_221426_YD424____Unknown.jpg,YD424,1.00,ok
T1_221842_LN036____Unknown.jpg,LN036,0.98,ok
T1_222147_YB822____Unknown.jpg,YB822,0.96,ok
T1_222422_PP505____Unknown.jpg,PP505,0.99,ok
T1_222436_YK797____Unknown.jpg,YK797,0.93,ok
T1_222642_KZH816____Unknown.jpg,KZH816,0.95,ok
T1_223250_YF579____Unknown.jpg,YF579,0.99,ok
T1_224129_GD740____Unknown.jpg,GD740,0.98,ok
T1_224316_PC829____Unknown.jpg,PC829,0.99,ok
T1_224608_ZY034____Unknown.jpg,ZY034,0.98,ok
T1_225134_PN280____Unknown.jpg,PN280,0.98,ok
T1_225157_SY943____Unknown.jpg,SY943,0.92,ok
T1_231237_SZ499____Unknown.jpg,SZ499,0.98,ok
T1_231400_AA113V____Unknown.jpg,AA113V,0.89,ok
T1_231600_PK903____Unknown.jpg,PK903,1.00,ok
T1_231853_AB437A____Unknown.jpg,M,0.64,ok
T1_232108_RC304____Unknown.jpg,RC304,0.99,ok
T1_234026_AB122N____Unknown.jpg,122N,0.96,ok
T1_235618_AA256H____Unknown.jpg,AA258H,0.65,ok
T2_000123_YA967____Unknown.jpg,VA967,0.98,ok
T2_000335_CH442____Unknown.jpg,LN849,1.00,ok
T2_001410_YP716____Unknown.jpg,YN716,0.99,ok
T2_001527_YP761____Unknown.jpg,YN716,0.99,ok
T2_001736_AA113V____Unknown.jpg,AA113V,0.98,ok
T2_001753_AB437A____Unknown.jpg,437A,0.93,ok
T2_004240_PL411____Unknown.jpg,ML411,0.99,ok
T2_004553_AA304S____Unknown.jpg,8G4S,0.77,ok
T2_005948_AA256H____Unknown.jpg,AA256H,0.98,ok
T2_011053_RN340____Unknown.jpg,RN340,1.00,ok
T2_011228_RC304____Unknown.jpg,RC304,0.99,ok
T2_011950_YN124____Unknown.jpg,VN142,0.99,ok
T2_012550_YP411____Unknown.jpg,VN142,0.93,ok
T2_013019_BZ620____Unknown.jpg,AB262L,1.00,ok
T2_033318_PH677____Unknown.jpg,PH6771,0.86,ok
T2_073301_RZ367____Unknown.jpg,RZ367,1.00,ok
T2_081012_PP216____Unknown.jpg,PP216,0.99,ok
T2_081408_PP216____Unknown.jpg,PP216,0.99,ok
T2_081526_PP216____Unknown.jpg,PP216,1.00,ok
T2_081545_PP216____Unknown.jpg,PP216,1.00,ok
T2_084850_MD575____Unknown.jpg,MD575,0.99,ok
T2_085314_YB851____Unknown.jpg,YB851,0.94,ok
T2_091126_JE806____Unknown.jpg,JE806,0.98,ok
T2_091851_JR300____Unknown.jpg,JR300,0.99,ok
T2_094308_MG396____Unknown.jpg,MG396,0.95,ok
T2_094449_UD874____Unknown.jpg,UD874,1.00,ok
T2_101910_YE164____Unknown.jpg,YE164,0.98,ok
T2_102401_YG041____Unknown.jpg,YG041,0.93,ok
T2_103223_GE969____Unknown.jpg,GE969,1.00,ok
T2_103710_UD874____Unknown.jpg,UD874,1.00,ok
T2_104202_VY215____Unknown.jpg,VY215,0.99,ok
T2_104241_KZ207____Unknown.jpg,KZ207,0.95,ok
T2_105224_ZF910____Unknown.jpg,ZF910,0.99,ok
T2_105712_JJ318____Unknown.jpg,JJ318,0.91,ok
T2_105809_PT963____Unknown.jpg,PT963,1.00,ok
T2_105952_AA680K____Unknown.jpg,AA680K,0.90,ok
T2_110305_RS664____Unknown.jpg,RS664,0.97,ok
T2_110341_ZC322____Unknown.jpg,ZC322,0.99,ok
T2_111136_AA965T____Unknown.jpg,AA965T,0.95,ok
T2_111319_NR007____Unknown.jpg,NROOT,0.91,ok
T2_111739_RL094____Unknown.jpg,RL094,0.99,ok
T2_112203_VT011____Unknown.jpg,VT011,0.97,ok
T2_113059_AB271C____Unknown.jpg,AB271C,1.00,ok
T2_113228_LL215____Unknown.jpg,LL215,0.95,ok
T2_113444_VZ222____Unknown.jpg,VZ225,0.98,ok
T2_113636_visitor.jpg,HZ734,1.00,ok
T2_114119_ZAA423D____Unknown.jpg,ZAA423D,1.00,ok
T2_115252_UF386____Unknown.jpg,UF386,0.99,ok
T2_115858_LN375____Unknown.jpg,LN375,1.00,ok
T2_120202_ZC352____Unknown.jpg,ZC352,1.00,ok
T2_120234_RE686____Unknown.jpg,RE686,1.00,ok
T2_120434_AA689B____Unknown.jpg,689B,0.96,ok
T2_120741_UP039____Unknown.jpg,UP039,0.98,ok
T2_120756_JE806____Unknown.jpg,JE806,1.00,ok
T2_120900_NS642____Unknown.jpg,NS642,0.98,ok
T2_121032_YH287____Unknown.jpg,YH287,0.95,ok
T2_121214_AA339L____Unknown.jpg,AA339L,1.00,ok
T2_121455_MF766____Unknown.jpg,MF766,1.00,ok
T2_121637_FA114____Unknown.jpg,PA167,1.00,ok
T2_121645_NKD424____Unknown.jpg,NKT424,0.98,ok
T2_121818_GA650____Unknown.jpg,GA650,0.93,ok
T2_122105_MZ394____Unknown.jpg,MZ394,0.99,ok
T2_122215_MV882____Unknown.jpg,MV882,0.92,ok
T2_122806_ZNH459____Unknown.jpg,ZNH459,1.00,ok
T2_123115_AB769E____Unknown.jpg,AB769E,0.94,ok
T2_123137_ZZS745____Unknown.jpg,ZZS745,1.00,ok
T2_123258_YZ959____Unknown.jpg,YZ959,0.97,ok
T2_123614_NY074____Unknown.jpg,NY074,0.99,ok
T2_123814_LE360____Unknown.jpg,LE360,1.00,ok
T2_123906_VF888____Unknown.jpg,VF888,0.97,ok
T2_124130_PH850____Unknown.jpg,PH850,1.00,ok
T2_124338_MY974____Unknown.jpg,MY974,0.99,ok
T2_124412_VB786____Unknown.jpg,VB786,0.99,ok
T2_124626_ZZU421____Unknown.jpg,ZZU421,1.00,ok
T2_124720_UY587____Unknown.jpg,UY587,0.99,ok
T2_124955_ZZL433____Unknown.jpg,ZZL433,1.00,ok
T2_125000_NP853____Unknown.jpg,NP853,0.99,ok
T2_125516_YD437____Unknown.jpg,YD437,0.91,ok
T2_125846_YC888____Unknown.jpg,YC888,0.98,ok
T2_130242_KD497____Unknown.jpg,KD497,0.93,ok
T2_130256_PC908____Unknown.jpg,PC908,0.97,ok
T2_130440_ZUT365____Unknown.jpg,ZUT365,0.99,ok
T2_130448_YT319____Unknown.jpg,VT319,0.97,ok
T2_130713_LJ947____Unknown.jpg,LJ947,0.99,ok
T2_131007_VF062____Unknown.jpg,VF062,1.00,ok
T2_131141_VK531____Unknown.jpg,VK531,1.00,ok
T2_131200_MS658____Unknown.jpg,MS658,0.95,ok
T2_131202_RR603____Unknown.jpg,RR603,1.00,ok
T2_131311_VE566____Unknown.jpg,VE566,1.00,ok
T2_131317_MS101____Unknown.jpg,MS101,0.96,ok
T2_131319_AB726G____Unknown.jpg,AB7266,0.96,ok
T2_131337_UD874____Unknown.jpg,UD874,0.99,ok
T2_131338_YT319____Unknown.jpg,VT319,0.93,ok
T2_131446_AB099M____Unknown.jpg,LABM,0.89,ok
T2_131638_AB982F____Unknown.jpg,AB982F,0.99,ok
T2_131929_AA808Z____Unknown.jpg,AA808Z,0.99,ok
T2_132228_PE869____Unknown.jpg,PE869,0.98,ok
T2_132228_SB165____Unknown.jpg,SB165,1.00,ok
T2_132232_MT604____Unknown.jpg,MT604,0.98,ok
T2_132257_PA809____Unknown.jpg,PA809,0.97,ok
T2_132847_YA613____Unknown.jpg,YA613,0.96,ok
T2_132915_VV386____Unknown.jpg,VV386,0.99,ok
T2_133020_SU054____Unknown.jpg,SUG54,0.92,ok
T2_133036_VU441____Unknown.jpg,VU441,0.88,ok
T2_133117_ZU677____Unknown.jpg,ZU677,0.99,ok
T2_133132_UH672____Unknown.jpg,UH672,0.99,ok
T2_133144_JR168____Unknown.jpg,JR168,0.99,ok
T2_133340_MR009____Unknown.jpg,MR009,0.98,ok
T2_133650_PH121____Unknown.jpg,PH121,1.00,ok
T2_133725_SD714____Unknown.jpg,SD714,1.00,ok
T2_133916_RG317____Unknown.jpg,RG317,0.99,ok
T2_133922_SL562____Unknown.jpg,SL562,1.00,ok
T2_134039_AB794C____Unknown.jpg,794C,0.98,ok
T2_134141_PA167____Unknown.jpg,PA167,1.00,ok
T2_134205_EP753____Unknown.jpg,EP753,0.99,ok
T2_134233_ZSE691____Unknown.jpg,ZSE691,1.00,ok
T2_134243_SP105____Unknown.jpg,SP105,0.99,ok
T2_134253_UF386____Unknown.jpg,UF386,1.00,ok
T2_134419_GU705____Unknown.jpg,GU705,0.99,ok
T2_134648_MP262____Unknown.jpg,MP262,0.91,ok
T2_134649_UA294____Unknown.jpg,UA294,0.96,ok
T2_134743_RN388____Unknown.jpg,RN388,1.00,ok
T2_134856_UT989____Unknown.jpg,UT989,0.96,ok
T2_134903_RT290____Unknown.jpg,LRT290,0.79,ok
T2_134949_SZ461____Unknown.jpg,SZ461,0.98,ok
T2_135112_GK004____Unknown.jpg,GK004,0.98,ok
T2_135125_RS315____Unknown.jpg,RS315,1.00,ok
T2_135218_SZ461____Unknown.jpg,SZ461,0.99,ok
T2_135240_PET253____Unknown.jpg,PET253,0.94,ok
T2_135254_AA403D____Unknown.jpg,AA403D,0.99,ok
T2_135309_PYB251____Unknown.jpg,PYBPYB251,0.88,ok
T2_135410_SM081____Unknown.jpg,SMG81,0.90,ok
T2_135430_MKN402____Unknown.jpg,MXN402,0.94,ok
T2_135433_AA403D____Unknown.jpg,AA403D,0.98,ok
T2_135449_AB262F____Unknown.jpg,AB262F,1.00,ok
T2_135527_AB962M____Unknown.jpg,M,0.28,ok
T2_135739_SG122____Unknown.jpg,SG122,0.99,ok
T2_135908_UF401____Unknown.jpg,UF401,0.99,ok
T2_140207_SJ783____Unknown.jpg,SJ783,1.00,ok
T2_140307_PA167____Unknown.jpg,PA167,0.99,ok
T2_140450_ZAA585H____Unknown.jpg,IZAA,0.89,ok
T2_140457_ZP620____Unknown.jpg,ZP620,0.99,ok
T2_140531_YP798____Unknown.jpg,YP798,0.99,ok
T2_140627_AB026F____Unknown.jpg,ABF,0.91,ok
T2_140717_AB026F____Unknown.jpg,026F,0.88,ok
T2_140739_PZT905____Unknown.jpg,PZT905,0.93,ok
T2_140803_ZAA585H____Unknown.jpg,585H,0.96,ok
T2_140835_UE660____Unknown.jpg,UE660,0.99,ok
T2_140921_YL259____Unknown.jpg,VL259,0.98,ok
T2_141115_ZJ278____Unknown.jpg,ZJ278,0.99,ok
T2_141244_AB717D____Unknown.jpg,717D,0.97,ok
T2_141604_LY143____Unknown.jpg,LY143,0.93,ok
T2_141736_NR909____Unknown.jpg,NR909,0.98,ok
T2_141901_AA403D____Unknown.jpg,AA403D,0.99,ok
T2_142039_ZAA819K____Unknown.jpg,819K,0.94,ok
T2_142111_SC614____Unknown.jpg,SC614,1.00,ok
T2_142655_AA359Z____Unknown.jpg,3592,0.98,ok
T2_142657_LR006____Unknown.jpg,LR006,1.00,ok
T2_142847_JR300____Unknown.jpg,JR300,0.99,ok
T2_142903_VV015____Unknown.jpg,VV015,0.98,ok
T2_143029_TRY043____Unknown.jpg,TRV0437,0.89,ok
T2_143429_JJ939____Unknown.jpg,JJ939,0.99,ok
T2_143603_LZ398____Unknown.jpg,LZ398,0.95,ok
T2_143612_FJ393____Unknown.jpg,JJ939,0.95,ok
T2_143759_JJ939____Unknown.jpg,JJ939,0.98,ok
T2_143843_ZAA053N____Unknown.jpg,ZAA,0.89,ok
T2_143929_HN850____Unknown.jpg,HN850,0.99,ok
T2_143936_JJ939____Unknown.jpg,JJ939,0.91,ok
T2_144019_ZB930____Unknown.jpg,ZB930,0.98,ok
T2_144021_YZ375____Unknown.jpg,YZ375,0.99,ok
T2_144311_SL829____Unknown.jpg,SL829,0.97,ok
T2_144421_AA212Y____Unknown.jpg,AA212V,0.93,ok
T2_144632_PU508____Unknown.jpg,PU508,0.97,ok
T2_144649_HN850____Unknown.jpg,HN850,0.91,ok
T2_144716_PU508____Unknown.jpg,PU508,0.95,ok
T2_144815_LZ444____Unknown.jpg,LZ444,0.86,ok
T2_144851_PD225____Unknown.jpg,PD225,1.00,ok
T2_145219_AA853Y____Unknown.jpg,H,0.41,ok
T2_145314_AA441F____Unknown.jpg,AA441F,0.99,ok
T2_145348_VS842____Unknown.jpg,VS842,1.00,ok
T2_145425_UD874____Unknown.jpg,UD874,1.00,ok
T2_145425_ZH588____Unknown.jpg,ZH588,1.00,ok
T2_145637_RG184____Unknown.jpg,RG184,0.98,ok
T2_145646_JR300____Unknown.jpg,JR300,0.99,ok
T2_145702_AA359Z____Unknown.jpg,359Z,0.97,ok
T2_145754_ZVK503____Unknown.jpg,ZVK503,1.00,ok
T2_150041_ZVF364____Unknown.jpg,ZVF364,1.00,ok
T2_150159_PB861____Unknown.jpg,PB861,1.00,ok
T2_150230_PMA492____Unknown.jpg,PMA492,0.93,ok
T2_150343_SN929____Unknown.jpg,SN929,1.00,ok
T2_150423_PC601____Unknown.jpg,PC601,0.98,ok
T2_150445_RL471____Unknown.jpg,RL471,0.97,ok
T2_150622_AA359Z____Unknown.jpg,359Z,0.93,ok
T2_150659_PA167____Unknown.jpg,PA167,1.00,ok
T2_150724_RG184____Unknown.jpg,RG184,0.99,ok
T2_150747_AB075N____Unknown.jpg,AB075N,0.95,ok
T2_150748_YC380____Unknown.jpg,VC380,0.88,ok
T2_150926_UG135____Unknown.jpg,UG135,1.00,ok
T2_151141_ZAA951B____Unknown.jpg,ZAA,0.89,ok
T2_151148_ZU153____Unknown.jpg,ZU153,0.99,ok
T2_151313_JK446____Unknown.jpg,JK446,1.00,ok
T2_151318_MS739____Unknown.jpg,MS739,0.98,ok
T2_151812_HD386____Unknown.jpg,HD386,1.00,ok
T2_151838_ZJ247____Unknown.jpg,ZJ247,1.00,ok
T2_151938_NS988____Unknown.jpg,NS988,0.98,ok
T2_152056_ZE384____Unknown.jpg,ZE384,1.00,ok
T2_152156_AA693T____Unknown.jpg,AA693T,0.99,ok
T2_152218_MM098____Unknown.jpg,MM098,0.99,ok
T2_152410_TEH268____Unknown.jpg,TEH268,0.93,ok
T2_152629_RC307____Unknown.jpg,RC307,0.99,ok
T2_152730_UF386____Unknown.jpg,UF386,0.98,ok
T2_152802_PU508____Unknown.jpg,PU508,0.98,ok
T2_152816_AB166G____Unknown.jpg,AB166G,0.99,ok
T2_152942_AB717D____Unknown.jpg,0,0.60,ok
T2_153000_TNH811____Unknown.jpg,TNHEL2,0.76,ok
T2_153234_UF386____Unknown.jpg,UF386,0.99,ok
T2_153457_NR909____Unknown.jpg,NR909,0.99,ok
T2_153611_AB735J____Unknown.jpg,AB735J,0.96,ok
T2_153707_JR233____Unknown.jpg,JR233,0.97,ok
T2_153708_KN831____Unknown.jpg,JR233,0.99,ok
T2_153720_PJ034____Unknown.jpg,PJ034,1.00,ok
T2_153751_RZ565____Unknown.jpg,RZ565,1.00,ok
T2_153758_AA133J____Unknown.jpg,133357,0.81,ok
T2_153804_YS181____Unknown.jpg,VS181,0.97,ok
T2_153858_PJ311____Unknown.jpg,PJ311,0.99,ok
T2_153906_ZU297____Unknown.jpg,ZU297,0.99,ok
T2_154017_LR047____Unknown.jpg,LR047,0.98,ok
T2_154129_ZVB971____Unknown.jpg,ZVB971,1.00,ok
T2_154227_ZH410____Unknown.jpg,ZH410,0.98,ok
T2_154507_AB097A____Unknown.jpg,AB097A,0.94,ok
T2_154520_LC189____Unknown.jpg,LC189,1.00,ok
T2_154614_ZE384____Unknown.jpg,ZE384,1.00,ok
T2_154841_NR909____Unknown.jpg,NR909,0.99,ok
T2_154855_ZRB156____Unknown.jpg,ZRB156,0.94,ok
T2_154902_KE619____Unknown.jpg,KE619,0.90,ok
T2_154916_ZZY764____Unknown.jpg,ZZY764,1.00,ok
T2_154924_YS181____Unknown.jpg,VS181,0.91,ok
T2_155144_AB080R____Unknown.jpg,08DR,0.88,ok
T2_155356_AA693T____Unknown.jpg,AA693T,1.00,ok
T2_155536_TEY602____Unknown.jpg,TEYSTER602,0.83,ok
T2_155556_KG938____Unknown.jpg,KG938,1.00,ok
T2_155632_HH185____Unknown.jpg,HH185,0.98,ok
T2_160017_visitor.jpg,HH185,0.99,ok
T2_160252_AB138P____Unknown.jpg,AB138P,0.99,ok
T2_160357_SB966____Unknown.jpg,SB966,0.99,ok
T2_160447_LE360____Unknown.jpg,LE360,1.00,ok
T2_160556_JR233____Unknown.jpg,JR233,0.99,ok
T2_160733_LE360____Unknown.jpg,LE360,1.00,ok
T2_160836_SK960____Unknown.jpg,SK960,0.99,ok
T2_160852_YS181____Unknown.jpg,VS181,0.97,ok
T2_161052_LE360____Unknown.jpg,LE360,1.00,ok
T2_161142_RK464____Unknown.jpg,RK464,0.92,ok
T2_161316_ZAB080____Unknown.jpg,ZAB188C,0.97,ok
T2_161351_ZUY584____Unknown.jpg,ZUY584,0.99,ok
T2_161548_JR233____Unknown.jpg,JR233,0.98,ok
T2_161618_UF386____Unknown.jpg,UF386,1.00,ok
T2_161853_ZE384____Unknown.jpg,ZE384,1.00,ok
T2_162509_RZ565____Unknown.jpg,RZ565,0.99,ok
T2_162545_PU508____Unknown.jpg,PU508,0.98,ok
T2_163154_KD497____Unknown.jpg,KD497,0.97,ok
T2_163235_PAK306____Unknown.jpg,PAX306,1.00,ok
T2_163529_PA809____Unknown.jpg,PA809,0.92,ok
T2_163531_MZ792____Unknown.jpg,MZ792,0.97,ok
T2_163547_RC850____Unknown.jpg,RC850,0.96,ok
T2_163603_SZA178____Unknown.jpg,KS24XTH,0.99,ok
T2_163944_MZ792____Unknown.jpg,MZ7921,0.94,ok
T2_164803_NR909____Unknown.jpg,NR909,0.99,ok
T2_164808_JR233____Unknown.jpg,JR233,0.99,ok
T2_164827_YS181____Unknown.jpg,YS181,0.93,ok
T2_164837_YA816____Unknown.jpg,YA816,1.00,ok
T2_165018_JR300____Unknown.jpg,JR300,0.99,ok
T2_165118_UZ770____Unknown.jpg,UZ770,0.97,ok
T2_165219_ZAB596E____Unknown.jpg,596E,0.93,ok
T2_170159_YT934____Unknown.jpg,YT934,0.95,ok
T2_170341_YD638____Unknown.jpg,YD638,0.95,ok
T2_170435_YU481____Unknown.jpg,YU481,0.99,ok
T2_170506_LJ947____Unknown.jpg,LJ947,0.97,ok
T2_170702_YU481____Unknown.jpg,YU481,0.99,ok
T2_170821_AA025G____Unknown.jpg,AA0256,0.91,ok
T2_171125_AA844L____Unknown.jpg,844L,0.84,ok
T2_171201_MZ792____Unknown.jpg,MZ792,0.93,ok
T2_171243_RG184____Unknown.jpg,RG184,0.99,ok
T2_171246_ZF102____Unknown.jpg,ZF102,1.00,ok
T2_171452_MP113____Unknown.jpg,MP113,1.00,ok
T2_171720_UY542____Unknown.jpg,UY542,0.99,ok
T2_171922_UE561____Unknown.jpg,0,0.38,ok
T2_172036_JV293____Unknown.jpg,JV2933,0.95,ok
T2_172504_HA162____Unknown.jpg,HA162,1.00,ok
T2_172626_AA636H____Unknown.jpg,636H,0.97,ok
T2_172756_VB786____Unknown.jpg,VB786,0.99,ok
T2_172949_LJ947____Unknown.jpg,LJ947,0.94,ok
T2_173058_ZB192____Unknown.jpg,ZB192,1.00,ok
T2_173258_ZL640____Unknown.jpg,ZL640,1.00,ok
T2_173606_YU481____Unknown.jpg,YU481,0.98,ok
T2_173614_PU721____Unknown.jpg,PU721,0.97,ok
T2_173653_ZVB144____Unknown.jpg,ZVB144,1.00,ok
T2_173802_VF262____Unknown.jpg,VF262,0.95,ok
T2_174017_VB786____Unknown.jpg,VB786,0.97,ok
T2_174135_ZMA554____Unknown.jpg,ZMA5541,0.92,ok
T2_174158_AA844L____Unknown.jpg,844L,0.86,ok
T2_174227_ZMA554____Unknown.jpg,ZMA554L,0.99,ok
T2_174308_ZMA554____Unknown.jpg,ZMA554,1.00,ok
T2_174418_ZMA554____Unknown.jpg,ZMA554L,0.94,ok
T2_174543_SK960____Unknown.jpg,SK960,0.94,ok
T2_175043_AB607G____Unknown.jpg,AB607G,0.96,ok
T2_175623_AB182E____Unknown.jpg,AB182E,1.00,ok
T2_180404_VB820____Unknown.jpg,ZVB820,0.97,ok
T2_180632_KE619____Unknown.jpg,KE619,0.99,ok
T2_180655_VB786____Unknown.jpg,VB786,0.98,ok
T2_180728_ZP181____Unknown.jpg,ZP181,1.00,ok
T2_180745_AB182E____Unknown.jpg,AB182E,1.00,ok
T2_181107_AA196A____Unknown.jpg,AA196A,0.99,ok
T2_181233_AA469U____Unknown.jpg,AA469U,0.96,ok
T2_181739_NR163____Unknown.jpg,NR163,1.00,ok
T2_181847_AA501F____Unknown.jpg,AA501F,0.96,ok
T2_182040_AA501F____Unknown.jpg,AA501F,0.99,ok
T2_182049_ZZK388____Unknown.jpg,ZZK388,0.98,ok
T2_182322_AB158C____Unknown.jpg,ZAB158C,1.00,ok
T2_182353_AA446R____Unknown.jpg,AA446R,1.00,ok
T2_182817_ZAB158C____Unknown.jpg,ZAB158C,1.00,ok
T2_182845_ZAA249B____Unknown.jpg,ZAA249B,1.00,ok
T2_182902_PJ945____Unknown.jpg,PJ945,0.95,ok
T2_183032_ZPH663____Unknown.jpg,ZPH663,1.00,ok
T2_183330_AB548P____Unknown.jpg,548P,0.91,ok
T2_183432_PE145____Unknown.jpg,PE145,1.00,ok
T2_183926_AB262F____Unknown.jpg,AB262F,1.00,ok
T2_184005_JA826____Unknown.jpg,AB262,0.99,ok
T2_184205_PE430____Unknown.jpg,PE430,1.00,ok
T2_184832_UP247____Unknown.jpg,UP247,0.96,ok
T2_184853_ZUG227____Unknown.jpg,ZUG227,0.99,ok
T2_185146_NF032____Unknown.jpg,TNF032,0.99,ok
T2_185518_RJ839____Unknown.jpg,RJ839,0.99,ok
T2_190601_ZG384____Unknown.jpg,ZG384,1.00,ok
T2_190806_SK960____Unknown.jpg,SK960,0.99,ok
T2_191207_RC850____Unknown.jpg,RC850,0.95,ok
T2_191304_RC850____Unknown.jpg,RC850,0.96,ok
T2_191507_ZR718____Unknown.jpg,ZR718,1.00,ok
T2_191643_VV255____Unknown.jpg,VV255,0.99,ok
T2_192001_SY416____Unknown.jpg,SY416,0.97,ok
T2_192417_RS629____Unknown.jpg,RS629,1.00,ok
T2_192451_UJ235____Unknown.jpg,UJ235,1.00,ok
T2_192651_KS440____Unknown.jpg,KS440,0.99,ok
T2_193207_GS166____Unknown.jpg,GS166,0.91,ok
T2_194203_PA809____Unknown.jpg,PA809,0.99,ok
T2_194441_YL259____Unknown.jpg,YL259,1.00,ok
T2_195824_ZM217____Unknown.jpg,ZM217,0.99,ok
T2_200110_ND912____Unknown.jpg,ND912,0.97,ok
T2_200704_ZAA841L____Unknown.jpg,ZAA841L,0.98,ok
T2_200712_YD612____Unknown.jpg,YD612,0.97,ok
T2_200728_NV101____Unknown.jpg,NV100,0.83,ok
T2_200817_MD251____Unknown.jpg,MD251,0.94,ok
T2_200959_AA894G____Unknown.jpg,AA894G,1.00,ok
T2_201052_UN223____Unknown.jpg,UN223,0.99,ok
T2_202014_MD251____Unknown.jpg,MD251,0.94,ok
T2_202338_ZR058____Unknown.jpg,ZR058,0.94,ok
T2_202541_AB548C____Unknown.jpg,AB548C,1.00,ok
T2_202613_JS242____Unknown.jpg,JS242,1.00,ok
T2_203007_VE687____Unknown.jpg,VE687,0.96,ok
T2_203147_VE687____Unknown.jpg,VE687,0.99,ok
T2_203338_ZK290____Unknown.jpg,ZK290,1.00,ok
T2_203630_VV630____Unknown.jpg,VV630,0.99,ok
T2_203656_UR821____Unknown.jpg,UR821,0.98,ok
T2_203750_ZK429____Unknown.jpg,ZK429,1.00,ok
T2_204731_PE611____Unknown.jpg,PE611,1.00,ok
T2_204907_MU634____Unknown.jpg,MU663,0.99,ok
T2_204929_PR557____Unknown.jpg,PR557,1.00,ok
T2_205027_JS086____Unknown.jpg,JS086,0.99,ok
T2_205438_LU711____Unknown.jpg,LU711,0.99,ok
T2_205504_PR557____Unknown.jpg,PR557,1.00,ok
T2_205549_ND295____Unknown.jpg,ND295,0.98,ok
T2_205729_IU663____Unknown.jpg,MU663,0.99,ok
T2_205802_YZ739____Unknown.jpg,YZ739,0.99,ok
T2_205849_AA595A____Unknown.jpg,AA595A,1.00,ok
T2_205932_AB182E____Unknown.jpg,AB182E,1.00,ok
T2_210611_YF252____Unknown.jpg,YF252,1.00,ok
T2_210858_AB530R____Unknown.jpg,AB530R,0.98,ok
T2_211350_YR120____Unknown.jpg,YR120,0.98,ok
T2_211911_AB979L____Unknown.jpg,AB979L,0.98,ok
T2_211931_AA648B____Unknown.jpg,628B,0.89,ok
T2_212009_UR048____Unknown.jpg,UR048,0.97,ok
T2_212129_VU081____Unknown.jpg,VU081,0.98,ok
T2_212317_SF316____Unknown.jpg,SF316,0.99,ok
T2_212541_MU674____Unknown.jpg,MU674,0.98,ok
T2_212613_YE837____Unknown.jpg,YE837,0.93,ok
T2_212809_RF637____Unknown.jpg,RF637,0.96,ok
T2_212828_MU674____Unknown.jpg,MU674,0.97,ok
T2_212839_NG963____Unknown.jpg,NG963,0.88,ok
T2_212857_LJ116____Unknown.jpg,LJ116,0.90,ok
T2_213030_ZG055____Unknown.jpg,ZG055,0.95,ok
T2_213231_AB731K____Unknown.jpg,731K,0.90,ok
T2_213355_VJ346____Unknown.jpg,VJ346,1.00,ok
T2_213444_AA077N____Unknown.jpg,AA077N,0.99,ok
T2_213544_UL967____Unknown.jpg,UL967,0.99,ok
T2_213657_AA955B____Unknown.jpg,AA955B,0.99,ok
T2_213827_AB396N____Unknown.jpg,AB396N,1.00,ok
T2_213900_RL022____Unknown.jpg,RL022,0.99,ok
T2_213959_LE528____Unknown.jpg,LE528,1.00,ok
T2_214253_GA123____Unknown.jpg,GA123,0.98,ok
T2_214319_YD574____Unknown.jpg,YD574,0.99,ok
T2_214415_ZY185____Unknown.jpg,ZY185,0.99,ok
T2_214440_ZB621____Unknown.jpg,ZB621,1.00,ok
T2_214502_AA745H____Unknown.jpg,74SH,0.93,ok
T2_215126_SL567____Unknown.jpg,SL567,1.00,ok
T2_215303_YZ739____Unknown.jpg,YZ739,0.96,ok
T2_215351_VA475____Unknown.jpg,VA475,0.99,ok
T2_215427_SU658____Unknown.jpg,SU658,1.00,ok
T2_215944_PG649____Unknown.jpg,PG649,0.98,ok
T2_220052_ZL933____Unknown.jpg,ZL933,0.98,ok
T2_220200_AA074T____Unknown.jpg,AA074T,0.99,ok
T2_220353_YN636____Unknown.jpg,YN636,0.96,ok
T2_220432_SD111____Unknown.jpg,SD111,0.98,ok
T2_220738_PT384____Unknown.jpg,PT384,0.92,ok
T2_220914_LH444____Unknown.jpg,LH444,0.91,ok
T2_220942_RN340____Unknown.jpg,RN340,0.96,ok
T2_221057_PY449____Unknown.jpg,PY449,0.97,ok
T2_221122_SB803____Unknown.jpg,SB803,0.99,ok
T2_221257_VH744____Unknown.jpg,VH746,0.87,ok
T2_221406_LG721____Unknown.jpg,16723,0.97,ok
T2_221728_RY552____Unknown.jpg,RY552,0.99,ok
T2_222316_YE771____Unknown.jpg,YE771,0.97,ok
T2_222356_YA062____Unknown.jpg,YA062,0.99,ok
T2_222358_ZB621____Unknown.jpg,ZB621,1.00,ok
T2_222425_VM919____Unknown.jpg,VM919,0.97,ok
T2_222553_UK630____Unknown.jpg,UK630,0.99,ok
T2_222659_AA347D____Unknown.jpg,327D,0.82,ok
T2_222711_ZJ507____Unknown.jpg,ZJ507,0.99,ok
T2_222901_PL580____Unknown.jpg,PL580,0.97,ok
T2_222938_PN911____Unknown.jpg,PN211,0.82,ok
T2_223141_ZU770____Unknown.jpg,ZU770,0.94,ok
T2_223310_ZR058____Unknown.jpg,ZR058,0.94,ok
T2_223352_UD562____Unknown.jpg,UD562,1.00,ok
T2_223650_ZM565____Unknown.jpg,ZM565,0.99,ok
T2_224154_AA466V____Unknown.jpg,AA466V,0.99,ok
T2_224313_UZ770____Unknown.jpg,UZ770,0.96,ok
T2_224452_ZA463____Unknown.jpg,ZA463,0.93,ok
T2_224640_YC090____Unknown.jpg,VC090,0.93,ok
T2_224659_YN716____Unknown.jpg,YN716,1.00,ok
T2_224946_UV513____Unknown.jpg,UV513,0.97,ok
T2_224957_MS131____Unknown.jpg,MS131,0.99,ok
T2_224957_SD439____Unknown.jpg,SD439,1.00,ok
T2_225202_AA427Y____Unknown.jpg,427Y,0.95,ok
T2_225223_MF192____Unknown.jpg,MF192,0.97,ok
T2_225453_LG721____Unknown.jpg,LG721,0.91,ok
T2_225456_VG263____Unknown.jpg,BVG263,0.86,ok
T2_225801_VV035____Unknown.jpg,VV035,0.99,ok
T2_225857_UZ770____Unknown.jpg,UZ770,0.95,ok
T2_225938_PA809____Unknown.jpg,PA809,0.99,ok
T2_230132_AB724L____Unknown.jpg,AB724L,0.99,ok
T2_230140_YN716____Unknown.jpg,YN716,1.00,ok
T2_230353_IB679____Unknown.jpg,VB679,0.99,ok
T2_230421_VB677____Unknown.jpg,VB679,0.99,ok
T2_230654_VH021____Unknown.jpg,VH021,0.97,ok
T2_231514_VS010____Unknown.jpg,LVSGOOD,0.75,ok
T2_231520_YC090____Unknown.jpg,YCG90,0.88,ok
T2_231726_ZV906____Unknown.jpg,ZV906,1.00,ok
T2_231746_VC415____Unknown.jpg,VC415,1.00,ok
T2_232308_MY034____Unknown.jpg,MY034,0.99,ok
T2_232355_KD497____Unknown.jpg,KD497,0.99,ok
T2_232701_AA853Y____Unknown.jpg,853Y,0.95,ok
T2_232923_UM119____Unknown.jpg,UM119,0.98,ok
T2_233014_ZE162____Unknown.jpg,ZE162,1.00,ok
T2_233422_VS200____Unknown.jpg,VS200,1.00,ok
T2_233543_KD497____Unknown.jpg,KD497,0.99,ok
T2_234221_JZ435____Unknown.jpg,JZ435,0.89,ok
T2_234548_SA055____Unknown.jpg,SA055,0.99,ok
T2_234636_UY542____Unknown.jpg,UY542,0.99,ok
T2_235044_AA379A____Unknown.jpg,379A,0.95,ok
T2_235504_VB463____Unknown.jpg,VB463,1.00,ok
T2_235904_MN370____Unknown.jpg,MN370,0.99,ok
T2_235907_CR442____Unknown.jpg,LN849,1.00,ok
T3_000600_KS385____Unknown.jpg,KS385,0.98,ok
T3_000601_KR218____Unknown.jpg,KR218,0.96,ok
T3_000801_KR218____Unknown.jpg,KR218,0.97,ok
T3_001001_MAE017____Unknown.jpg,MAE017,0.98,ok
T3_001130_MT661____Unknown.jpg,MT661,0.99,ok
T3_001427_ZA094____Unknown.jpg,ZA094,0.96,ok
T3_001523_AA439G____Unknown.jpg,4396,0.93,ok
T3_001557_RN878____Unknown.jpg,RN878,0.94,ok
T3_001853_YD424____Unknown.jpg,YD424,0.98,ok
T3_001926_KS385____Unknown.jpg,KS3,0.65,ok
T3_002139_SF171____Unknown.jpg,SF171,0.99,ok
T3_002425_YK797____Unknown.jpg,YK797,0.87,ok
T3_002500_ZB327____Unknown.jpg,ZB327,0.95,ok
T3_002536_SK246____Unknown.jpg,SK246,0.99,ok
T3_002650_KZH816____Unknown.jpg,KZH816,0.94,ok
T3_002810_ZA925____Unknown.jpg,ZA925,1.00,ok
T3_003517_AB846K____Unknown.jpg,AB846K,1.00,ok
T3_003529_MH987____Unknown.jpg,MH987,0.70,ok
T3_003609_MM608____Unknown.jpg,MM608,0.96,ok
T3_003656_RU928____Unknown.jpg,RU928,0.98,ok
T3_003906_ZF412____Unknown.jpg,ZF412,1.00,ok
T3_004033_ZC120____Unknown.jpg,ZC120,1.00,ok
T3_004428_VE067____Unknown.jpg,VE067,0.97,ok
T3_004644_PC829____Unknown.jpg,PC829,0.98,ok
T3_004908_NKY314____Unknown.jpg,NXY,0.72,ok
T3_005139_NKY314____Unknown.jpg,NXY314,0.92,ok
T3_005342_NKY314____Unknown.jpg,NXY,0.79,ok
T3_005642_YR089____Unknown.jpg,YR089,0.98,ok
T3_005744_YB822____Unknown.jpg,YB822,0.97,ok
T3_005859_YY957____Unknown.jpg,YY957,0.95,ok
T3_005904_VC411____Unknown.jpg,VC411,0.99,ok
T3_005940_VK768____Unknown.jpg,UK768,0.97,ok
T3_005945_SY943____Unknown.jpg,SY943,0.97,ok
T3_010007_NC153____Unknown.jpg,NC153,1.00,ok
T3_010229_LN036____Unknown.jpg,LN036,0.98,ok
T3_010522_JU480____Unknown.jpg,JU480,0.97,ok
T3_010705_MH987____Unknown.jpg,MH987,0.92,ok
T3_010813_PP505____Unknown.jpg,PP505,0.99,ok
T3_010834_NT806____Unknown.jpg,NT806,0.99,ok
T3_011051_AB122N____Unknown.jpg,122N,0.99,ok
T3_011054_LG972____Unknown.jpg,LG972,0.93,ok
T3_011336_PN280____Unknown.jpg,PN280,0.99,ok
T3_011357_YV131____Unknown.jpg,YV131,0.93,ok
T3_011931_ZP010____Unknown.jpg,ZP010,0.92,ok
T3_012612_YJ618____Unknown.jpg,YJ618,0.98,ok
T3_014837_JM305____Unknown.jpg,IMAGES,0.82,ok
T3_015107_MN115____Unknown.jpg,MN115,1.00,ok
T3_022000_ZJ282____Unknown.jpg,ZJ282,1.00,ok
T3_033312_SZ499____Unknown.jpg,SZ499,0.98,ok
T3_071228_NP109____Unknown.jpg,NP109,0.93,ok
T3_071310_ZY034____Unknown.jpg,ZY034,0.98,ok
T3_073739_NP109____Unknown.jpg,NP109,0.99,ok
T3_091421_KJ977____Unknown.jpg,KJ977,0.99,ok
T3_095600_ZL034____Unknown.jpg,ZL034,0.99,ok
T3_095852_UN643____Unknown.jpg,UN643,0.91,ok
T3_100623_ZR905____Unknown.jpg,ZR905,1.00,ok
T3_101327_AA175C____Unknown.jpg,AA175C,1.00,ok
T3_102529_AA554A____Unknown.jpg,5544A,0.90,ok
T3_102723_YU414____Unknown.jpg,YU414,0.98,ok
T3_105138_SN736____Unknown.jpg,SN736,1.00,ok
T3_105238_AA114N____Unknown.jpg,AA114N,1.00,ok
T3_105848_ZF215____Unknown.jpg,ZF215,1.00,ok
T3_110015_ZE328____Unknown.jpg,ZE328,1.00,ok
T3_110300_AB123K____Unknown.jpg,123K,0.99,ok
T3_110456_ZG279____Unknown.jpg,ZG279,1.00,ok
T3_110528_JB111____Unknown.jpg,JB111,0.99,ok
T3_110554_RS214____Unknown.jpg,RS214,1.00,ok
T3_112054_ZY034____Unknown.jpg,ZY034,0.99,ok
T3_112619_VP255____Unknown.jpg,VP255,0.99,ok
T3_114106_AA691G____Unknown.jpg,691G,0.90,ok
T3_114442_YM991____Unknown.jpg,YM991,0.97,ok
T3_115129_ZA280____Unknown.jpg,ZA280,1.00,ok
T3_115514_NE285____Unknown.jpg,NE285,1.00,ok
T3_115538_PR410____Unknown.jpg,PR410,0.96,ok
T3_115735_NE285____Unknown.jpg,NE285,1.00,ok
T3_120210_UK712____Unknown.jpg,UK712,1.00,ok
T3_120354_PA814____Unknown.jpg,PA814,0.96,ok
T3_120511_NJ017____Unknown.jpg,NJ017,0.99,ok
T3_120733_RN724____Unknown.jpg,RN724,1.00,ok
T3_120754_AB177P____Unknown.jpg,AB177P,0.99,ok
T3_122649_RC481____Unknown.jpg,RC481,1.00,ok
T3_123512_RA954____Unknown.jpg,RA954,0.92,ok
T3_124253_VS907____Unknown.jpg,VS907,0.99,ok
T3_124312_VS049____Unknown.jpg,VS049,0.98,ok
T3_124737_GK937____Unknown.jpg,GK937,0.98,ok
T3_124838_NY949____Unknown.jpg,NY949,0.99,ok
T3_124942_GK937____Unknown.jpg,GK937,0.99,ok
T3_125234_GK937____Unknown.jpg,GK937,0.99,ok
T3_125415_ZM328____Unknown.jpg,ZM328,1.00,ok
T3_130109_AA613D____Unknown.jpg,AA613D,1.00,ok
T3_130337_NV972____Unknown.jpg,NV972,0.99,ok
T3_131656_NP401____Unknown.jpg,NP401,0.99,ok
T3_131717_VV726____Unknown.jpg,VV726,0.99,ok
T3_131849_UU090____Unknown.jpg,UU090,0.98,ok
T3_133253_AA740F____Unknown.jpg,AA74OF,0.94,ok
T3_133942_AB870G____Unknown.jpg,AB870G,0.87,ok
T3_134059_SR686____Unknown.jpg,SR686,1.00,ok
T3_134452_ZUS037____Unknown.jpg,ZUS037,0.99,ok
T3_134521_VZ601____Unknown.jpg,VZ601,0.99,ok
T3_135526_KP475____Unknown.jpg,KP4751,0.97,ok
T3_140355_AA092K____Unknown.jpg,AA092K,0.99,ok
T3_140738_VT143____Unknown.jpg,VT143,1.00,ok
T3_140815_AA212G____Unknown.jpg,M,0.72,ok
T3_141207_KD117____Unknown.jpg,KD117,0.98,ok
T3_141323_UC624____Unknown.jpg,UC624,0.94,ok
T3_141508_LV763____Unknown.jpg,LV763,1.00,ok
T3_142753_FZ165____Unknown.jpg,FZ165,1.00,ok
T3_143400_PY972____Unknown.jpg,PV972,0.93,ok
T3_143503_RZ072____Unknown.jpg,RZ072,0.95,ok
T3_144033_VY129____Unknown.jpg,VV129,0.93,ok
T3_144559_LZ374____Unknown.jpg,LZ374,0.99,ok
T3_144619_YJ353____Unknown.jpg,YJ353,1.00,ok
T3_144635_MV428____Unknown.jpg,MV428,0.92,ok
T3_144806_PH068____Unknown.jpg,PH068,0.93,ok
T3_151414_VK900____Unknown.jpg,VK9GG,0.95,ok
T3_151441_ZUB766____Unknown.jpg,ZUB766,1.00,ok
T3_151736_YN082____Unknown.jpg,YN082,0.98,ok
T3_151916_ZY034____Unknown.jpg,ZY034,0.99,ok
T3_152148_RV002____Unknown.jpg,RV002,0.98,ok
T3_152302_NP800____Unknown.jpg,NP800,0.95,ok
T3_152530_UT737____Unknown.jpg,UT737,0.96,ok
T3_153005_VY867____Unknown.jpg,VY867,0.88,ok
T3_153024_KG007____Unknown.jpg,KG007,1.00,ok
T3_153104_SV650____Unknown.jpg,SV650,1.00,ok
T3_153133_UT737____Unknown.jpg,UT737,0.97,ok
T3_153451_RH662____Unknown.jpg,RH662,1.00,ok
T3_155009_MV207____Unknown.jpg,MV207,0.90,ok
T3_155926_RN513____Unknown.jpg,RN513,1.00,ok
T3_160155_ZY034____Unknown.jpg,ZY034,0.92,ok
T3_160605_LV867____Unknown.jpg,LV867,1.00,ok
T3_161024_AB037J____Unknown.jpg,0373,0.94,ok
T3_161048_YB779____Unknown.jpg,YB779,0.99,ok
T3_161229_AB400D____Unknown.jpg,4000,0.95,ok
T3_161413_YF285____Unknown.jpg,YF285,1.00,ok
T3_161420_AA122Z____Unknown.jpg,1222,0.90,ok
T3_161711_AA349L____Unknown.jpg,AA349L,0.99,ok
T3_164220_AA686N____Unknown.jpg,AA686N,1.00,ok
T3_164526_YE032____Unknown.jpg,YE032,0.96,ok
T3_164903_VH794____Unknown.jpg,VH794,1.00,ok
T3_165339_YJ353____Unknown.jpg,YJ353,0.99,ok
T3_170912_SU314____Unknown.jpg,SU314,0.98,ok
T3_171427_KA792____Unknown.jpg,KA792,0.91,ok
T3_171803_ZN734____Unknown.jpg,ZN734,1.00,ok
T3_172122_RN358____Unknown.jpg,RN358,1.00,ok
T3_172457_PK687____Unknown.jpg,PK687,0.98,ok
T3_172525_AA103Z____Unknown.jpg,1032,0.93,ok
T3_174352_RY366____Unknown.jpg,RY366,0.98,ok
T3_174515_LR557____Unknown.jpg,LR557,1.00,ok
T3_175041_AB400D____Unknown.jpg,4BOD,0.73,ok
T3_175818_HJ220____Unknown.jpg,HJ220,0.99,ok
T3_180438_KS385____Unknown.jpg,KS385,0.99,ok
T3_180642_NL435____Unknown.jpg,NL435,0.96,ok
T3_180752_ZVK622____Unknown.jpg,ZVK622,1.00,ok
T3_181521_NL435____Unknown.jpg,NL435,0.98,ok
T3_181625_SD556____Unknown.jpg,SD556,0.96,ok
T3_181910_ZJB226____Unknown.jpg,ZJB226,0.99,ok
T3_182245_PE149____Unknown.jpg,PE149,0.93,ok
T3_182251_NP800____Unknown.jpg,NP800,0.96,ok
T3_182411_NP800____Unknown.jpg,NP800,0.97,ok
T3_182631_LN523____Unknown.jpg,LN523,1.00,ok
T3_183109_PM445____Unknown.jpg,PM445,0.99,ok
T3_183239_ZR905____Unknown.jpg,ZR905,1.00,ok
T3_184050_LS227____Unknown.jpg,LS227,1.00,ok
T3_185901_MH987____Unknown.jpg,MH987,1.00,ok
T3_190143_AA140M____Unknown.jpg,AA140M,0.97,ok
T3_190235_PC191____Unknown.jpg,PC191,1.00,ok
T3_190737_KM064____Unknown.jpg,KM064,0.98,ok
T3_191427_YK115____Unknown.jpg,YK115,1.00,ok
T3_192304_ZN822____Unknown.jpg,ZN822,0.99,ok
T3_193302_MP123____Unknown.jpg,MP123,1.00,ok
T3_193352_RY466____Unknown.jpg,RY466,0.99,ok
T3_193502_RV098____Unknown.jpg,RV098,1.00,ok
T3_194651_RM324____Unknown.jpg,RM324,1.00,ok
T3_194754_YZ720____Unknown.jpg,YZ720,1.00,ok
T3_195904_HZ569____Unknown.jpg,HZ569,0.98,ok
T3_200406_YN350____Unknown.jpg,YN350,1.00,ok
T3_202059_NC153____Unknown.jpg,NC153,1.00,ok
T3_202336_AB123K____Unknown.jpg,123K,0.99,ok
T3_202622_PP008____Unknown.jpg,PP008,0.93,ok
T3_203200_ZY034____Unknown.jpg,ZY034,0.98,ok
T3_204751_AA913C____Unknown.jpg,AA913C,1.00,ok
T3_205723_ZH941____Unknown.jpg,ZH941,1.00,ok
T3_210203_SA544____Unknown.jpg,SA544,0.90,ok
T3_211044_NT806____Unknown.jpg,NT806,0.98,ok
T3_211338_PZ419____Unknown.jpg,ZPZ419,1.00,ok
T3_211611_AB878B____Unknown.jpg,8788,0.95,ok
T3_212628_AA407L____Unknown.jpg,407L,0.96,ok
T3_214116_ZC847____Unknown.jpg,ZC847,1.00,ok
T3_214753_AA381N____Unknown.jpg,AA381N,1.00,ok
T3_220934_PE149____Unknown.jpg,PE149,0.99,ok
T3_221540_LH458____Unknown.jpg,LH458,1.00,ok
T3_221637_NZ276____Unknown.jpg,NZ276,1.00,ok
T3_222351_UT064____Unknown.jpg,UT064,0.93,ok
T3_223808_VB035____Unknown.jpg,VB035,0.99,ok
T3_224133_VS041____Unknown.jpg,VS041,0.98,ok
T3_224235_ND655____Unknown.jpg,ND655,0.99,ok
T3_230114_RS870____Unknown.jpg,RS870,0.97,ok
T3_230452_YT615____Unknown.jpg,T615,0.98,ok
T3_231700_PK903____Unknown.jpg,PK903,0.98,ok
T3_231925_AB084B____Unknown.jpg,AB084B,0.98,ok
T3_232803_NY548____Unknown.jpg,NY548,0.98,ok
T3_233317_SA316____Unknown.jpg,SA316,1.00,ok
T3_233341_AB161K____Unknown.jpg,AB161K,0.99,ok
T3_233747_AB161K____Unknown.jpg,AB161K,0.99,ok
T3_233822_MS624____Unknown.jpg,MS624,1.00,ok
T3_233857_YY416____Unknown.jpg,HYY416,0.90,ok
T3_234304_AB181C____Unknown.jpg,181C,0.92,ok
T3_234340_HK997____Unknown.jpg,HK997,0.94,ok
T3_234620_KD057____Unknown.jpg,KD057,0.98,ok
T3_234929_KD057____Unknown.jpg,KD057,0.99,ok
T3_235247_YV131____Unknown.jpg,YV131,0.95,ok
T3_235304_KD057____Unknown.jpg,KD057,0.99,ok
T3_235322_VD093____Unknown.jpg,VD093,0.93,ok
