Dosya Adi,Gercek Plaka
cyprus (1).jpg,ZY034
cyprus (2).jpg,KG007
cyprus (3).jpg,AB919P
cyprus (4).jpg,VT434
cyprus (5).jpg,SA316
cyprus (6).jpg,PD151
cyprus (7).jpg,JN557
cyprus (8).jpg,RV107
cyprus (9).jpg,VP727
cyprus (10).jpg,LR714
cyprus (11).jpg,AA758Z
cyprus (12).jpg,AA858E
cyprus (13).jpg,AB123K
cyprus (14).jpg,NP109
cyprus (15).jpg,UB738
cyprus (16).jpg,AA858E
cyprus (17).jpg,AA758Z
cyprus (18).jpg,AB919P
cyprus (19).jpg,AB123K
cyprus (20).jpg,AB123K
cyprus (21).jpg,AA122Z
cyprus (22).jpg,AB666N
cyprus (23).jpg,AA103Z
cyprus (24).jpg,AB919P
cyprus (25).jpg,AB671L
cyprus (26).jpg,AB215K
cyprus (27).jpg,AB957N
cyprus (28).jpg,AA037T
cyprus (29).jpg,AA122Z
cyprus (30).jpg,AB342K
cyprus (31).jpg,AA122Z
cyprus (32).jpg,AB037J
cyprus (33).jpg,AA037T
cyprus (34).jpg,AA103Z
cyprus (35).jpg,AB400D
cyprus (36).jpg,AB501N
cyprus (37).jpg,AB280E
cyprus (38).jpg,AB666N
cyprus (39).jpg,AA153V
cyprus (40).jpg,AA564E
cyprus (41).jpg,MMN306
cyprus (42).jpg,KR218
cyprus (43).jpg,UT737
cyprus (44).jpg,AA248R
cyprus (45).jpg,AA317L
cyprus (46).jpg,NJ017
cyprus (47).jpg,VV515
cyprus (48).jpg,YB349
cyprus (49).jpg,UY784
cyprus (50).jpg,ZL036
cyprus (51).jpg,SU314
cyprus (52).jpg,KTU598
cyprus (53).jpg,LZ631
cyprus (54).jpg,AB280E
cyprus (55).jpg,AB342K
cyprus (56).jpg,UB853
cyprus (57).jpg,AA540N
cyprus (58).jpg,YF192
cyprus (59).jpg,UT604
cyprus (60).jpg,MA837
cyprus (61).jpg,PE149
cyprus (62).jpg,PF746
cyprus (63).jpg,ZY034
cyprus (64).jpg,SN736
cyprus (65).jpg,ZY034
cyprus (66).jpg,ZR137
cyprus (67).jpg,ZJ303
cyprus (68).jpg,SU820
cyprus (69).jpg,AA495N
cyprus (70).jpg,ZY782
cyprus (71).jpg,MC067
cyprus (72).jpg,VG577
cyprus (73).jpg,AA261C
cyprus (74).jpg,ZJ282
cyprus (75).jpg,YE532
cyprus (76).jpg,MY044
cyprus (77).jpg,LS137
cyprus (78).jpg,ZC949
cyprus (79).jpg,UB525
cyprus (80).jpg,FU760
cyprus (81).jpg,VB400
cyprus (82).jpg,VZ912
cyprus (83).jpg,SP554
cyprus (84).jpg,UM827
cyprus (85).jpg,YB602
cyprus (86).jpg,SG805
cyprus (87).jpg,YV978
cyprus (88).jpg,SE725
cyprus (89).jpg,VR093
cyprus (90).jpg,ZPC037
cyprus (91).jpg,MH704
cyprus (92).jpg,ZUU686
cyprus (93).jpg,YG336
cyprus (94).jpg,RT279
cyprus (95).jpg,VD710
cyprus (96).jpg,AA691G
cyprus (97).jpg,AA257G
cyprus (98).jpg,KD436
cyprus (99).jpg,ZR022
cyprus (100).jpg,SK960
cyprus (101).jpg,UN486
cyprus (102).jpg,AA692F
cyprus (103).jpg,MC987
cyprus (104).jpg,SP554
cyprus (105).jpg,YK643
cyprus (106).jpg,SP554
cyprus (107).jpg,SA316
cyprus (108).jpg,MH987
cyprus (109).jpg,HP878
cyprus (110).jpg,KR548
cyprus (111).jpg,HP878
cyprus (112).jpg,HP878
cyprus (113).jpg,PE149
cyprus (114).jpg,AB123K
cyprus (115).jpg,HP878
cyprus (116).jpg,PA032
cyprus (117).jpg,AB463D
cyprus (118).jpg,NP109
cyprus (119).jpg,YH419
cyprus (120).jpg,YH419
cyprus (121).jpg,YH419
cyprus (122).jpg,YH419
cyprus (123).jpg,ZH154
cyprus (124).jpg,RH898
cyprus (125).jpg,YN082
cyprus (126).jpg,VG581
cyprus (127).jpg,NZ564
cyprus (128).jpg,ZPG825
cyprus (129).jpg,ZPG825
cyprus (130).jpg,ZPG825
cyprus (131).jpg,LV867
cyprus (132).jpg,KE733
cyprus (133).jpg,KE733
cyprus (134).jpg,JF553
cyprus (135).jpg,MG775
cyprus (136).jpg,YP934
cyprus (137).jpg,NV035
cyprus (138).jpg,ZL036
cyprus (139).jpg,YC216
cyprus (140).jpg,YC216
cyprus (141).jpg,YC216
cyprus (142).jpg,YN698
cyprus (143).jpg,VS952
cyprus (144).jpg,SR081
cyprus (145).jpg,AB123K
cyprus (146).jpg,LG721
cyprus (147).jpg,YG030
cyprus (148).jpg,RY366
cyprus (149).jpg,AA037T
cyprus (150).jpg,MU518
cyprus (151).jpg,MG808
cyprus (152).jpg,MG808
cyprus (153).jpg,AA686N
cyprus (154).jpg,ZS591
cyprus (155).jpg,KP366
cyprus (156).jpg,AA836P
cyprus (157).jpg,UK712
cyprus (158).jpg,RC207
cyprus (159).jpg,LY702
cyprus (160).jpg,ZPY537
cyprus (161).jpg,MZ128
cyprus (162).jpg,VY692
cyprus (163).jpg,VY692
cyprus (164).jpg,AB386C
cyprus (165).jpg,ZV361
cyprus (166).jpg,PN160
cyprus (167).jpg,ZS109
cyprus (168).jpg,AB956L
cyprus (169).jpg,AA103Z
cyprus (170).jpg,RN358
cyprus (171).jpg,US440
cyprus (172).jpg,VK514
cyprus (173).jpg,VZ073
cyprus (174).jpg,ZK060
cyprus (175).jpg,ZK060
cyprus (176).jpg,ZK060
cyprus (177).jpg,ZK060
cyprus (178).jpg,UT932
cyprus (179).jpg,AB280E
cyprus (180).jpg,YB602
cyprus (181).jpg,ZA833
cyprus (182).jpg,RM827
cyprus (183).jpg,JD083
cyprus (184).jpg,GR190
cyprus (185).jpg,JD083
cyprus (186).jpg,ZRL937
cyprus (187).jpg,VL927
cyprus (188).jpg,ZL036
cyprus (189).jpg,RS214
cyprus (190).jpg,ZY034
cyprus (191).jpg,ZV361
cyprus (192).jpg,ZA188
cyprus (193).jpg,AA339A
cyprus (194).jpg,YD550
cyprus (195).jpg,AA316N
cyprus (196).jpg,AA248R
cyprus (197).jpg,ML570
cyprus (198).jpg,VV726
cyprus (199).jpg,UY784
cyprus (200).jpg,AA866N
cyprus (201).jpg,MN450
cyprus (202).jpg,UB853
cyprus (203).jpg,RK801
cyprus (204).jpg,SZ248
cyprus (205).jpg,UT737
cyprus (206).jpg,NJ017
cyprus (207).jpg,MF029
cyprus (208).jpg,PE149
cyprus (209).jpg,GD740
cyprus (210).jpg,ZM403
cyprus (211).jpg,VL254
cyprus (212).jpg,ZA094
cyprus (213).jpg,UT604
cyprus (214).jpg,YF192
cyprus (215).jpg,MY279
cyprus (216).jpg,AB037J
cyprus (217).jpg,AA943G
cyprus (218).jpg,KTU598
cyprus (219).jpg,KTU598
cyprus (220).jpg,ZY034
cyprus (221).jpg,KTU598
cyprus (222).jpg,AB400D
cyprus (223).jpg,AB666N
cyprus (224).jpg,ZY632
cyprus (225).jpg,VV515
cyprus (226).jpg,AA317L
cyprus (227).jpg,SU314
cyprus (228).jpg,AA686N
cyprus (229).jpg,YN366
cyprus (230).jpg,MA837
cyprus (231).jpg,AA122Z
cyprus (232).jpg,PF746
cyprus (233).jpg,KA792
cyprus (234).jpg,YG992
cyprus (235).jpg,ZL034
cyprus (236).jpg,KZ047
cyprus (237).jpg,HM444
cyprus (238).jpg,LZ631
cyprus (239).jpg,NF587
cyprus (240).jpg,YF936
cyprus (241).jpg,YJ353
cyprus (242).jpg,AB280E
cyprus (243).jpg,SP554
cyprus (244).jpg,AB123K
cyprus (245).jpg,VB400
cyprus (246).jpg,ZY034
cyprus (247).jpg,SZ421
cyprus (248).jpg,ZJ303
cyprus (249).jpg,LS137
cyprus (250).jpg,MR635
cyprus (251).jpg,MC067
cyprus (252).jpg,AA495N
cyprus (253).jpg,SK960
cyprus (254).jpg,VG577
cyprus (255).jpg,YE532
cyprus (256).jpg,YK115
cyprus (257).jpg,MY044
cyprus (258).jpg,VR093
cyprus (259).jpg,VD710
cyprus (260).jpg,AA261C
cyprus (261).jpg,ZY782
cyprus (262).jpg,UB525
cyprus (263).jpg,UM827
cyprus (264).jpg,ZC949
cyprus (265).jpg,ZPC037
cyprus (266).jpg,ZN734
cyprus (267).jpg,SE722
cyprus (268).jpg,SE725
cyprus (269).jpg,VZ912
cyprus (270).jpg,YB602
cyprus (271).jpg,AB342K
cyprus (272).jpg,YG336
cyprus (273).jpg,SP554
cyprus (274).jpg,SU820
cyprus (275).jpg,ZR137
cyprus (276).jpg,UN486
cyprus (277).jpg,AA257G
cyprus (278).jpg,NK911
cyprus (279).jpg,SP554
cyprus (280).jpg,RT279
cyprus (281).jpg,MH704
cyprus (282).jpg,SA316
cyprus (283).jpg,SN736
cyprus (284).jpg,AA692F
cyprus (285).jpg,ZC847
cyprus (286).jpg,SG805
cyprus (287).jpg,KD436
cyprus (288).jpg,SV435
cyprus (289).jpg,GJ941
cyprus (290).jpg,FU760
cyprus (291).jpg,MC987
cyprus (292).jpg,HP878
cyprus (293).jpg,YK643
cyprus (294).jpg,PE149
cyprus (295).jpg,YB349
cyprus (296).jpg,AA691G
cyprus (297).jpg,HP878
cyprus (298).jpg,KR218
cyprus (299).jpg,ZR022
cyprus (300).jpg,ZJ282
