Dosya Adi,Okunan Plaka,PARSeq Skor
cyprus (1).jpg,ZY034,0.98
cyprus (10).jpg,IILR714,0.84
cyprus (100).jpg,SK960,0.99
cyprus (101).jpg,UN486,0.76
cyprus (102).jpg,AA692F,0.96
cyprus (103).jpg,MC987,1.00
cyprus (104).jpg,SP554,0.99
cyprus (105).jpg,YK643,0.62
cyprus (106).jpg,1SP554,0.61
cyprus (107).jpg,SA316,1.00
cyprus (108).jpg,MH987,0.98
cyprus (109).jpg,HP878,0.95
cyprus (11).jpg,AAA758Z,0.87
cyprus (110).jpg,AKR548,0.63
cyprus (111).jpg,HP878,0.98
cyprus (112).jpg,THEHP878,0.87
cyprus (113).jpg,PE149,0.98
cyprus (114).jpg,AB123K,0.93
cyprus (115).jpg,HP878,0.93
cyprus (116).jpg,PA032,1.00
cyprus (117).jpg,AB463D,0.84
cyprus (118).jpg,109NP107,0.68
cyprus (119).jpg,YH419,1.00
cyprus (12).jpg,AA858E,0.95
cyprus (120).jpg,YH419,1.00
cyprus (121).jpg,YH419,0.98
cyprus (122).jpg,YH419,0.98
cyprus (123).jpg,SPZH154,0.94
cyprus (124).jpg,1RH898,0.70
cyprus (125).jpg,YN082,0.96
cyprus (126).jpg,VG581,0.96
cyprus (127).jpg,1NZ564,0.64
cyprus (128).jpg,ZPG8,0.90
cyprus (129).jpg,ZPG825,1.00
cyprus (13).jpg,AB123K,0.91
cyprus (130).jpg,ZPG825,1.00
cyprus (131).jpg,1LV867,0.61
cyprus (132).jpg,KE733,1.00
cyprus (133).jpg,SKE733,0.58
cyprus (134).jpg,JF553,1.00
cyprus (135).jpg,MG775,0.92
cyprus (136).jpg,YP934,1.00
cyprus (137).jpg,1NV035,0.85
cyprus (138).jpg,NEWZL036,0.90
cyprus (139).jpg,YC216,1.00
cyprus (14).jpg,NP109,0.99
cyprus (140).jpg,IIYC216,0.93
cyprus (141).jpg,IIYC216,0.92
cyprus (142).jpg,YN698,1.00
cyprus (143).jpg,VS952,1.00
cyprus (144).jpg,SR081,0.98
cyprus (145).jpg,AB123K,0.98
cyprus (146).jpg,LG721,0.94
cyprus (147).jpg,YG030,0.99
cyprus (148).jpg,1RY366,0.63
cyprus (149).jpg,AA037T,0.95
cyprus (15).jpg,UB738,0.99
cyprus (150).jpg,MU518,0.95
cyprus (151).jpg,MG808,0.92
cyprus (152).jpg,MG808,0.93
cyprus (153).jpg,AA686N,1.00
cyprus (154).jpg,IIIZS591,0.90
cyprus (155).jpg,KP366,1.00
cyprus (156).jpg,1AA836P,0.62
cyprus (157).jpg,UK712,0.93
cyprus (158).jpg,RC207,1.00
cyprus (159).jpg,LV702,0.97
cyprus (16).jpg,AA858E,0.92
cyprus (160).jpg,ZPY537,0.95
cyprus (161).jpg,1MZ128,0.81
cyprus (162).jpg,VY692,0.99
cyprus (163).jpg,VY692,0.99
cyprus (164).jpg,AB386C,0.66
cyprus (165).jpg,ZV361,0.79
cyprus (166).jpg,PN160,0.96
cyprus (167).jpg,ZS109,1.00
cyprus (168).jpg,AB956L,1.00
cyprus (169).jpg,AAA103Z,0.85
cyprus (17).jpg,AA758Z,0.94
cyprus (170).jpg,RN358,1.00
cyprus (171).jpg,US440,0.99
cyprus (172).jpg,BEVK514,0.87
cyprus (173).jpg,VZ073,0.99
cyprus (174).jpg,IZK060,0.78
cyprus (175).jpg,IIZK060,0.95
cyprus (176).jpg,ZK060,0.98
cyprus (177).jpg,IZK060,0.79
cyprus (178).jpg,UT932,0.95
cyprus (179).jpg,AB280E,0.91
cyprus (18).jpg,AB919P,0.98
cyprus (180).jpg,YB602,1.00
cyprus (181).jpg,11ZA833,0.74
cyprus (182).jpg,RM827,0.99
cyprus (183).jpg,JDG83,0.74
cyprus (184).jpg,GR190,0.71
cyprus (185).jpg,JD083,0.93
cyprus (186).jpg,ZRL937,0.99
cyprus (187).jpg,VL927,1.00
cyprus (188).jpg,ZL036,0.99
cyprus (189).jpg,214RSED,0.81
cyprus (19).jpg,AB123K,0.98
cyprus (190).jpg,ZV034,0.95
cyprus (191).jpg,42ZV361,0.85
cyprus (192).jpg,ZA188,0.99
cyprus (193).jpg,AA339A,1.00
cyprus (194).jpg,YD550,0.99
cyprus (195).jpg,AA316N,0.93
cyprus (196).jpg,AA248R,0.99
cyprus (197).jpg,ML570,1.00
cyprus (198).jpg,VV726,0.99
cyprus (199).jpg,UY784,0.99
cyprus (2).jpg,IIKG007,0.89
cyprus (20).jpg,AB123K,0.91
cyprus (200).jpg,AA866N,0.93
cyprus (201).jpg,MN450,1.00
cyprus (202).jpg,UB853,0.99
cyprus (203).jpg,RK801,1.00
cyprus (204).jpg,SZ248,1.00
cyprus (205).jpg,UT737,0.97
cyprus (206).jpg,NJ017,0.99
cyprus (207).jpg,MF029,0.98
cyprus (208).jpg,XPE149,0.77
cyprus (209).jpg,GD740,0.93
cyprus (21).jpg,AAA122Z,0.90
cyprus (210).jpg,ZM403,1.00
cyprus (211).jpg,EZVL254,0.83
cyprus (212).jpg,ZA094,0.91
cyprus (213).jpg,UT604,0.98
cyprus (214).jpg,YF192,0.98
cyprus (215).jpg,MY279,1.00
cyprus (216).jpg,AB037J,0.96
cyprus (217).jpg,IAA943G,0.68
cyprus (218).jpg,KTU598,1.00
cyprus (219).jpg,NKTU598,0.58
cyprus (22).jpg,AB666N,0.98
cyprus (220).jpg,034ZY881,0.76
cyprus (221).jpg,KTU598,1.00
cyprus (222).jpg,AB400D,0.91
cyprus (223).jpg,AB666N,0.85
cyprus (224).jpg,1ZY632,0.58
cyprus (225).jpg,BALVV515,0.76
cyprus (226).jpg,1AA317L,0.58
cyprus (227).jpg,SU314,0.99
cyprus (228).jpg,AA686N,1.00
cyprus (229).jpg,YN366,0.99
cyprus (23).jpg,P1032,0.51
cyprus (230).jpg,IMA837,0.66
cyprus (231).jpg,T122Z,0.97
cyprus (232).jpg,IIIPF746,0.95
cyprus (233).jpg,IIKA792,0.95
cyprus (234).jpg,YG992,1.00
cyprus (235).jpg,ZL034,0.90
cyprus (236).jpg,KZ047,1.00
cyprus (237).jpg,HM444,0.92
cyprus (238).jpg,LZ631,1.00
cyprus (239).jpg,1NF587,0.66
cyprus (24).jpg,AB919P,0.98
cyprus (240).jpg,YF936,1.00
cyprus (241).jpg,PYJ353,0.59
cyprus (242).jpg,AB28GE,0.93
cyprus (243).jpg,FSP554,0.57
cyprus (244).jpg,AB123K,0.94
cyprus (245).jpg,VB400,1.00
cyprus (246).jpg,034LO,0.62
cyprus (247).jpg,1SZ421,0.77
cyprus (248).jpg,ZJ303,0.92
cyprus (249).jpg,LS137,0.98
cyprus (25).jpg,AB671L,0.92
cyprus (250).jpg,MR635,0.86
cyprus (251).jpg,MC067,0.99
cyprus (252).jpg,AA495N,0.86
cyprus (253).jpg,SK960,1.00
cyprus (254).jpg,VG577,0.90
cyprus (255).jpg,YE532,0.99
cyprus (256).jpg,YK115,0.81
cyprus (257).jpg,MY044,0.99
cyprus (258).jpg,IVROS,0.78
cyprus (259).jpg,VD710,0.99
cyprus (26).jpg,AB215K,0.98
cyprus (260).jpg,LEAA261C,0.69
cyprus (261).jpg,ZY782,0.92
cyprus (262).jpg,UB525,0.99
cyprus (263).jpg,UM827,0.63
cyprus (264).jpg,ZC949,0.99
cyprus (265).jpg,ZPC037,0.99
cyprus (266).jpg,ZN734,1.00
cyprus (267).jpg,SE722,0.99
cyprus (268).jpg,SE725,1.00
cyprus (269).jpg,VZ912,1.00
cyprus (27).jpg,AB957N,0.94
cyprus (270).jpg,YB602,0.76
cyprus (271).jpg,AB342K,0.90
cyprus (272).jpg,22YG336,0.84
cyprus (273).jpg,1SP554,0.56
cyprus (274).jpg,SU820,0.94
cyprus (275).jpg,XZR137,0.88
cyprus (276).jpg,UN486,0.86
cyprus (277).jpg,1AA257G,0.57
cyprus (278).jpg,IINK911,0.85
cyprus (279).jpg,1SP554,0.58
cyprus (28).jpg,M037T,0.62
cyprus (280).jpg,RT279,0.92
cyprus (281).jpg,MH704,0.98
cyprus (282).jpg,SA316,1.00
cyprus (283).jpg,SN736,0.99
cyprus (284).jpg,AA692F,0.95
cyprus (285).jpg,IZC847,0.72
cyprus (286).jpg,1SG805,0.60
cyprus (287).jpg,KD436,1.00
cyprus (288).jpg,SV435,1.00
cyprus (289).jpg,GJ9411,0.91
cyprus (29).jpg,F122Z,0.66
cyprus (290).jpg,1FU780,0.69
cyprus (291).jpg,IMC987,0.73
cyprus (292).jpg,HP8761,0.87
cyprus (293).jpg,AYK643,0.55
cyprus (294).jpg,PE149,0.82
cyprus (295).jpg,YB349,0.97
cyprus (296).jpg,AA691G,0.94
cyprus (297).jpg,HP87878,0.86
cyprus (298).jpg,KR218,0.96
cyprus (299).jpg,1ZRO22,0.58
cyprus (3).jpg,AB919P,0.98
cyprus (30).jpg,AB342K,0.95
cyprus (300).jpg,ZJ282,0.99
cyprus (31).jpg,AA122Z,0.91
cyprus (32).jpg,AB037J,0.97
cyprus (33).jpg,T037T,0.68
cyprus (34).jpg,AAA1032,0.91
cyprus (35).jpg,AB400D,0.93
cyprus (36).jpg,AB501N,0.98
cyprus (37).jpg,AB28GE,0.94
cyprus (38).jpg,AB666N,0.98
cyprus (39).jpg,AA153V,0.91
cyprus (4).jpg,VT434,1.00
cyprus (40).jpg,564E,0.99
cyprus (41).jpg,MMN306,0.99
cyprus (42).jpg,KR218,0.96
cyprus (43).jpg,UT737,0.93
cyprus (44).jpg,AA248R,1.00
cyprus (45).jpg,1AA317L,0.69
cyprus (46).jpg,IINJ017,0.88
cyprus (47).jpg,ESVV515,0.68
cyprus (48).jpg,YB349,0.99
cyprus (49).jpg,IIIUY784,0.92
cyprus (5).jpg,SA316,1.00
cyprus (50).jpg,1ZL036,0.79
cyprus (51).jpg,SU314,0.97
cyprus (52).jpg,KTU598,1.00
cyprus (53).jpg,LZ631,1.00
cyprus (54).jpg,AB28GE,0.95
cyprus (55).jpg,AB342K,0.91
cyprus (56).jpg,UB853,0.98
cyprus (57).jpg,IIAA54ON,0.91
cyprus (58).jpg,YF192,0.99
cyprus (59).jpg,7UT604,0.64
cyprus (6).jpg,PD151,1.00
cyprus (60).jpg,MA837,1.00
cyprus (61).jpg,PE149,0.83
cyprus (62).jpg,PF746,1.00
cyprus (63).jpg,ZY034,0.99
cyprus (64).jpg,SN736,1.00
cyprus (65).jpg,ZY034,0.99
cyprus (66).jpg,8ZR137,0.76
cyprus (67).jpg,ZJ303,0.72
cyprus (68).jpg,IISU820,0.83
cyprus (69).jpg,1AA495N,0.64
cyprus (7).jpg,JN557,0.84
cyprus (70).jpg,ZY782,0.77
cyprus (71).jpg,MC067,0.96
cyprus (72).jpg,VG577,0.99
cyprus (73).jpg,AA261C,0.96
cyprus (74).jpg,ZJ282,1.00
cyprus (75).jpg,YE532,0.99
cyprus (76).jpg,MY044,0.99
cyprus (77).jpg,LS137,0.99
cyprus (78).jpg,ZC949,1.00
cyprus (79).jpg,UB525,0.99
cyprus (8).jpg,RV107,0.86
cyprus (80).jpg,LFU760,0.82
cyprus (81).jpg,1VB400,0.59
cyprus (82).jpg,VZ912,0.77
cyprus (83).jpg,7SP554,0.72
cyprus (84).jpg,XUM827,0.76
cyprus (85).jpg,YB602,0.75
cyprus (86).jpg,1SG805,0.63
cyprus (87).jpg,YV978,0.99
cyprus (88).jpg,SE725,1.00
cyprus (89).jpg,11VR093,0.87
cyprus (9).jpg,7VP727,0.73
cyprus (90).jpg,ZPC037,1.00
cyprus (91).jpg,MH704,0.98
cyprus (92).jpg,ZUU686,0.99
cyprus (93).jpg,YG336,0.78
cyprus (94).jpg,RT279,1.00
cyprus (95).jpg,VD710,0.98
cyprus (96).jpg,AAA691G,0.90
cyprus (97).jpg,1AA257G,0.60
cyprus (98).jpg,KD436,1.00
cyprus (99).jpg,ZR022,0.60
